PatientID,DynamicSliceZ,Pcd_Sens,Pnd,Pfa,Accuracy,FOM,ProcessingTime,NumClusters
BRATS_001.nii.gz,72,0.502645502645503,0.497354497354497,0.4,0.994619335452989,0.762897789478302,2.9363033,3
BRATS_002.nii.gz,91,0.0294117647058824,0.970588235294118,1.2801724137931,0.990781318201659,0.069828175008297,1.6186409,3
BRATS_003.nii.gz,100,0.442307692307692,0.557692307692308,0.123499142367067,0.991608735341619,0.614969730377197,1.5293836,4
BRATS_004.nii.gz,98,0.0945454545454545,0.905454545454545,0.837301587301587,0.991967170173754,0.450778722763062,1.2587262,5
BRATS_005.nii.gz,70,0.34341252699784,0.65658747300216,0.418848167539267,0.991884990730701,0.60708874464035,1.4203023,4
BRATS_006.nii.gz,86,0.348571428571429,0.651428571428571,0.661835748792271,0.989212664611936,0.643186926841736,1.2724767,3
BRATS_007.nii.gz,104,0.142028985507246,0.857971014492754,2.23548387096774,0.982702835056054,0.131203338503838,2.0686785,3
BRATS_008.nii.gz,78,0.36875,0.63125,2.15942028985507,0.97465005868853,0.352263331413269,1.3757992,5
BRATS_009.nii.gz,93,0.0761099365750529,0.923890063424947,0.683972911963883,0.987020504095557,0.325453370809555,1.194501,4
BRATS_010.nii.gz,87,0,1,3.98952879581152,0.983380419238952,0.00165515334811062,1.3707718,4
BRATS_011.nii.gz,96,0,1,3.75728155339806,0.974284964576227,0.0454963147640228,1.2877158,4
BRATS_012.nii.gz,43,NaN,NaN,Inf,0.988663194444444,0,1.2143975,5
BRATS_013.nii.gz,41,NaN,NaN,Inf,0.988055555555556,0,1.1910096,5
BRATS_014.nii.gz,80,0.348773841961853,0.651226158038147,0.620805369127517,0.992592074917884,0.643642485141754,1.3832434,3
BRATS_015.nii.gz,95,0.381651376146789,0.618348623853211,1.79856115107914,0.980968888422011,0.484738796949387,1.3566555,3
BRATS_016.nii.gz,74,0.520435967302452,0.479564032697548,0.265454545454545,0.99565566334008,0.837895274162292,1.2647986,3
BRATS_017.nii.gz,66,0.157608695652174,0.842391304347826,0.568047337278107,0.991211946151288,0.238759100437164,1.2703986,3
BRATS_018.nii.gz,105,0.292181069958848,0.707818930041152,5.73148148148148,0.975403830722534,0.101392611861229,2.1598103,4
BRATS_019.nii.gz,61,0.227659574468085,0.772340425531915,0.813895781637717,0.98789778797485,0.490253031253815,1.2620626,3
BRATS_020.nii.gz,90,0.416666666666667,0.583333333333333,2.25287356321839,0.967445288780471,0.395318418741226,1.4251474,5
BRATS_021.nii.gz,66,0.287037037037037,0.712962962962963,1.07368421052632,0.993756757699418,0.478699147701263,1.331429,3
BRATS_022.nii.gz,73,0.0485175202156334,0.951482479784367,1.40960451977401,0.985081683038294,0.279631853103638,1.43468,4
BRATS_023.nii.gz,20,NaN,NaN,Inf,0.994878472222222,0,1.3261658,3
BRATS_024.nii.gz,110,0.417910447761194,0.582089552238806,0.957894736842105,0.994111908577799,0.555444598197937,1.3908,3
BRATS_025.nii.gz,72,0.464912280701754,0.535087719298246,5.12269938650307,0.983338846428385,0.210437968373299,1.2396816,4
BRATS_026.nii.gz,95,0.567474048442907,0.432525951557093,0.20873786407767,0.997072405680927,0.897918701171875,1.3270048,3
BRATS_027.nii.gz,107,0.227799227799228,0.772200772200772,5.70319634703196,0.974728801144093,0.0857570916414261,1.3222909,5
BRATS_028.nii.gz,76,0.19815668202765,0.80184331797235,2.16,0.989430539809889,0.125282168388367,1.3031625,3
BRATS_029.nii.gz,58,0.198924731182796,0.801075268817204,9.0125,0.972283195707467,0.0730345025658607,1.3847406,4
BRATS_030.nii.gz,87,0.246445497630332,0.753554502369668,5.82485875706215,0.979257451629772,0.0936552733182907,1.4165824,4
BRATS_031.nii.gz,93,0.568965517241379,0.431034482758621,0.600858369098712,0.995376347838224,0.637615561485291,1.5431917,3
BRATS_032.nii.gz,99,0.426984126984127,0.573015873015873,2.36771300448431,0.975207768349226,0.41435182094574,1.4202896,4
BRATS_033.nii.gz,74,0.589805825242718,0.410194174757282,0.449685534591195,0.994550123146256,0.777557134628296,1.4908982,3
BRATS_034.nii.gz,93,0.0376811594202899,0.96231884057971,1.58433734939759,0.984980306345733,0.332043766975403,1.4567107,5
BRATS_035.nii.gz,62,0.588075880758808,0.411924119241192,0.397923875432526,0.995338280226975,0.765417873859406,1.3800161,3
BRATS_036.nii.gz,91,0.310734463276836,0.689265536723164,0.870431893687708,0.99115786530598,0.506862580776215,1.321012,3
BRATS_037.nii.gz,56,0,1,2.09090909090909,0.979147318064731,0.00511347502470016,1.2616094,4
BRATS_038.nii.gz,68,0.238805970149254,0.761194029850746,3.17039106145251,0.974787416453792,0.113796353340149,1.2953234,4
BRATS_039.nii.gz,58,0,1,3.06896551724138,0.981440380279967,0.00378668075427413,1.5025711,5
BRATS_040.nii.gz,73,0.223756906077348,0.776243093922652,0.768976897689769,0.991015870796336,0.509966254234314,1.3182194,3
BRATS_041.nii.gz,88,0.463587921847247,0.536412078152753,2.9738219895288,0.974875513234909,0.335546106100082,1.3754714,5
BRATS_042.nii.gz,105,0.273743016759777,0.726256983240223,3.12244897959184,0.989741535460499,0.149130448698997,1.2584588,4
BRATS_043.nii.gz,60,0,1,14.7407407407407,0.985223558862388,0.00761023070663214,1.6096918,5
BRATS_044.nii.gz,91,0.599009900990099,0.400990099009901,7.12686567164179,0.963863406466915,0.188975661993027,1.5639845,5
BRATS_045.nii.gz,96,0.41399416909621,0.58600583090379,3.75,0.980007327157586,0.237463504076004,1.3046382,5
BRATS_046.nii.gz,63,0.267409470752089,0.732590529247911,4.71186440677966,0.971128150489931,0.157751157879829,1.3463385,5
BRATS_047.nii.gz,87,0.232558139534884,0.767441860465116,4.25227272727273,0.960251779640215,0.173744067549706,1.4268524,4
BRATS_048.nii.gz,70,0.504780114722753,0.495219885277247,0.405128205128205,0.992709152897981,0.793094277381897,1.4415887,3
BRATS_049.nii.gz,62,0.351032448377581,0.648967551622419,1.88888888888889,0.986956977231457,0.323909759521484,1.2741476,5
BRATS_050.nii.gz,68,0.107042253521127,0.892957746478873,2.7469512195122,0.978694001784246,0.23144918680191,1.4384677,5
BRATS_051.nii.gz,93,0.556135770234987,0.443864229765013,0.202952029520295,0.996073983597976,0.894027829170227,1.362854,3
BRATS_052.nii.gz,68,0.282608695652174,0.717391304347826,0.543624161073825,0.992559861676302,0.607164084911346,1.4401721,4
BRATS_053.nii.gz,89,0.298479087452471,0.701520912547528,0.309576837416481,0.991090845317433,0.457649528980255,1.6391954,3
BRATS_054.nii.gz,95,0.474157303370787,0.525842696629213,0.614035087719298,0.992235726151963,0.702711164951324,1.3443021,3
BRATS_055.nii.gz,93,0.468503937007874,0.531496062992126,0.405612244897959,0.992491993209542,0.79391747713089,1.316692,3
BRATS_056.nii.gz,95,0.607142857142857,0.392857142857143,0.448467966573816,0.993913849490197,0.779681861400604,1.2107206,3
BRATS_057.nii.gz,95,0.473941368078176,0.526058631921824,0.327309236947791,0.991470092670598,0.720598816871643,1.1868389,3
BRATS_058.nii.gz,96,0.465734265734266,0.534265734265734,0.309027777777778,0.990162667322489,0.699265718460083,1.3610086,3
BRATS_059.nii.gz,78,0.612090680100756,0.387909319899244,0.318327974276527,0.995579473380742,0.81441330909729,1.4117747,3
BRATS_060.nii.gz,68,0.321022727272727,0.678977272727273,3.3898916967509,0.979425737040659,0.192035719752312,1.5522589,5
BRATS_061.nii.gz,93,0.134556574923547,0.865443425076453,2.70508474576271,0.981114935098968,0.232690766453743,1.4498384,5
BRATS_062.nii.gz,60,0.301470588235294,0.698529411764706,0.163333333333333,0.98992190797805,0.404556959867477,1.3844227,3
BRATS_063.nii.gz,80,0.01,0.99,0.932659932659933,0.989958363948077,0.187427014112473,1.3189005,5
BRATS_064.nii.gz,79,0.482758620689655,0.517241379310345,0.542424242424242,0.992940148536479,0.6693434715271,1.4619819,3
BRATS_065.nii.gz,52,0.087248322147651,0.912751677852349,0.167848699763593,0.991600028058361,0.150034502148628,1.1810089,3
BRATS_066.nii.gz,83,0.365777080062794,0.634222919937206,0.202846975088968,0.990893268402454,0.51543778181076,1.4597722,5
BRATS_067.nii.gz,53,0,1,3.55555555555556,0.983541321232219,0.0197458080947399,1.3239266,3
BRATS_068.nii.gz,20,NaN,NaN,Inf,0.992083333333333,0,1.1986646,5
BRATS_069.nii.gz,21,NaN,NaN,Inf,0.995069444444444,0,2.9674332,5
BRATS_070.nii.gz,22,NaN,NaN,Inf,0.992586805555556,0,1.1273639,5
BRATS_071.nii.gz,88,0.723404255319149,0.276595744680851,0.0659340659340659,0.997870669342875,0.936036944389343,1.2262176,4
BRATS_072.nii.gz,89,0.542079207920792,0.457920792079208,1,0.991315591745444,0.522291302680969,1.1459107,3
BRATS_073.nii.gz,64,0.461663947797716,0.538336052202284,0.484076433121019,0.990222876366695,0.761921048164368,2.650816,3
BRATS_074.nii.gz,67,0.532133676092545,0.467866323907455,0.509532062391681,0.988448236512702,0.780024111270905,1.2822195,3
BRATS_075.nii.gz,64,0.565714285714286,0.434285714285714,0.563275434243176,0.992040305792208,0.747592031955719,1.3256035,3
BRATS_076.nii.gz,103,0.443835616438356,0.556164383561644,0.418518518518519,0.994485646976704,0.7857705950737,1.2223612,3
BRATS_077.nii.gz,19,0.3125,0.6875,1.66923076923077,0.994308093994778,0.342130839824677,1.1355515,5
BRATS_078.nii.gz,68,0.188612099644128,0.811387900355872,1.1484375,0.990882892323815,0.368597209453583,1.3472264,5
BRATS_079.nii.gz,74,0.588932806324111,0.411067193675889,0.49616368286445,0.992969446824883,0.803122639656067,1.287653,3
BRATS_080.nii.gz,86,0.283464566929134,0.716535433070866,3.33018867924528,0.968894493484657,0.173744186758995,1.1497969,5
BRATS_081.nii.gz,58,0.610849056603774,0.389150943396226,0.840625,0.992419611199413,0.674004077911377,1.251547,5
BRATS_082.nii.gz,72,0.0791139240506329,0.920886075949367,0.750853242320819,0.991066589744935,0.41952919960022,1.1817814,5
BRATS_083.nii.gz,90,0.440217391304348,0.559782608695652,0.28125,0.994990749467658,0.722059547901154,1.2918442,3
BRATS_084.nii.gz,17,NaN,NaN,Inf,0.995104166666667,0,1.05498,5
BRATS_085.nii.gz,102,0.157434402332362,0.842565597667638,1.02721088435374,0.989673789596911,0.542735159397125,1.3488156,4
BRATS_086.nii.gz,56,0.334051724137931,0.665948275862069,4.70218579234973,0.964514211795965,0.173019513487816,1.2936449,5
BRATS_087.nii.gz,90,0.21606648199446,0.78393351800554,2.29192546583851,0.982147852846552,0.142513185739517,1.2733185,4
BRATS_088.nii.gz,90,0.606980273141123,0.393019726858877,0.872763419483101,0.987759969136885,0.625699460506439,1.245685,3
BRATS_089.nii.gz,93,0.0762942779291553,0.923705722070845,0.845930232558139,0.988973869821657,0.352522194385529,1.2264361,5
BRATS_090.nii.gz,91,0,1,2.56666666666667,0.969922170101372,0.00642984826117754,1.2654427,3
BRATS_091.nii.gz,99,0.549618320610687,0.450381679389313,0.406666666666667,0.994778204680405,0.791666984558105,1.2834663,4
BRATS_092.nii.gz,80,0.0579710144927536,0.942028985507246,2.01068376068376,0.975501465349315,0.0674126744270325,1.2968746,4
BRATS_093.nii.gz,72,0.45839874411303,0.54160125588697,0.91,0.985969343014487,0.53236311674118,1.301212,5
BRATS_094.nii.gz,77,0,1,0.621621621621622,0.990545390878053,0.114070020616055,1.264249,5
BRATS_095.nii.gz,95,0.579268292682927,0.420731707317073,3.26271186440678,0.984170153417015,0.259424477815628,1.2818467,3
BRATS_096.nii.gz,68,0,1,0.433962264150943,0.993358152867355,0.0262916050851345,1.0802243,3
BRATS_097.nii.gz,67,0.548463356973995,0.451536643026005,0.446945337620579,0.994237921461123,0.799128115177155,1.2950358,3
BRATS_098.nii.gz,90,0.151419558359621,0.848580441640379,1.02973977695167,0.990465213746857,0.436508417129517,1.1920339,5
BRATS_099.nii.gz,94,0,1,2.18385650224215,0.987608209997207,0.0201560463756323,1.2324238,5
BRATS_100.nii.gz,101,0.467505241090147,0.532494758909853,0.501385041551247,0.99239616836806,0.734903931617737,1.3935398,4
BRATS_101.nii.gz,103,0.295,0.705,5.43613707165109,0.964576561462375,0.152164220809937,1.3428307,4
BRATS_102.nii.gz,82,0.584905660377358,0.415094339622642,0.270462633451957,0.995986248538471,0.874975621700287,2.1193602,3
BRATS_103.nii.gz,80,0.354354354354354,0.645645645645646,0.637362637362637,0.993203696909342,0.548298537731171,1.2366389,3
BRATS_104.nii.gz,41,0,1,2.56883116883117,0.975937374126548,0.0121243242174387,1.2968942,5
BRATS_105.nii.gz,87,0.211904761904762,0.788095238095238,0.591370558375635,0.9901141084293,0.252755254507065,1.3781097,3
BRATS_106.nii.gz,84,0.0542005420054201,0.94579945799458,0.408391608391608,0.982513159289222,0.0923190861940384,1.3341912,3
BRATS_107.nii.gz,82,0.166666666666667,0.833333333333333,0.691387559808612,0.988186009009483,0.225642591714859,1.3840421,3
BRATS_108.nii.gz,95,0.436528497409326,0.563471502590674,0.123993558776167,0.990996219115449,0.599613189697266,1.324297,3
BRATS_109.nii.gz,95,0.166163141993958,0.833836858006042,0.857651245551601,0.990964855560022,0.578075885772705,1.2488476,5
BRATS_110.nii.gz,85,0.720238095238095,0.279761904761905,0.0772200772200772,0.998011026589434,0.949634313583374,1.3807402,3
BRATS_111.nii.gz,58,0.287096774193548,0.712903225806452,3.08759124087591,0.981355606423317,0.128778114914894,1.3657278,4
BRATS_112.nii.gz,62,0.124137931034483,0.875862068965517,0.861979166666667,0.987531958112983,0.548400104045868,1.3682017,5
BRATS_113.nii.gz,95,0.538,0.462,0.33509234828496,0.993739069604757,0.837069869041443,1.284963,4
BRATS_114.nii.gz,49,0,1,1.70873786407767,0.985360478539196,0.00862966477870941,1.3799892,3
BRATS_115.nii.gz,56,0.457583547557841,0.542416452442159,2.99675324675325,0.980190755685987,0.325592041015625,1.2894544,4
BRATS_116.nii.gz,70,0.198275862068966,0.801724137931034,0.660847880299252,0.988843937722202,0.580267488956451,1.2806096,4
BRATS_117.nii.gz,68,0.153013910355487,0.846986089644513,0.454063604240283,0.985845407230271,0.395325303077698,1.3442833,4
BRATS_118.nii.gz,94,0.461224489795918,0.538775510204082,0.746341463414634,0.990017513134851,0.575670719146729,2.5172571,3
BRATS_119.nii.gz,87,0.492603550295858,0.507396449704142,0.457425742574257,0.989939708356702,0.773368000984192,1.9565095,3
BRATS_120.nii.gz,81,0,1,5.17894736842105,0.979523136762423,0.0041323765181005,2.2254182,4
BRATS_121.nii.gz,101,0.32280701754386,0.67719298245614,0.410714285714286,0.995028260414486,0.605479657649994,1.2172179,3
BRATS_122.nii.gz,101,0.287822878228782,0.712177121771218,0.548387096774194,0.99455991072674,0.628135144710541,1.184012,3
BRATS_123.nii.gz,58,0.201030927835052,0.798969072164949,0.283054003724395,0.989152220542213,0.327849507331848,1.1961893,5
BRATS_124.nii.gz,53,0,1,2.06465517241379,0.987580786026201,0.00367700192146003,1.1916634,3
BRATS_125.nii.gz,51,0,1,2.33082706766917,0.984514279721746,0.00200758292339742,1.3362218,5
BRATS_126.nii.gz,87,0.398133748055988,0.601866251944012,0.442446043165468,0.988882449022604,0.58488792181015,1.2714321,3
BRATS_127.nii.gz,86,0.130281690140845,0.869718309859155,0.665354330708661,0.99273590836069,0.465910851955414,1.2804121,4
BRATS_128.nii.gz,75,0.484210526315789,0.515789473684211,14.1147540983607,0.968336812804454,0.100986048579216,1.4209472,5
BRATS_129.nii.gz,83,0.019271948608137,0.980728051391863,0.858078602620087,0.985063624396665,0.249570652842522,1.2669309,5
BRATS_130.nii.gz,79,0.598404255319149,0.401595744680851,0.343537414965986,0.995600405042075,0.832504093647003,1.395857,3
BRATS_131.nii.gz,91,0.648101265822785,0.351898734177215,0.150170648464164,0.996805725257462,0.906482338905334,1.3108473,3
BRATS_132.nii.gz,72,0.0206611570247934,0.979338842975207,0.65546218487395,0.99313788828552,0.246171668171883,1.2069032,4
BRATS_133.nii.gz,61,0.151851851851852,0.848148148148148,5.63745019920319,0.971268787137365,0.060881432145834,1.3912208,4
BRATS_134.nii.gz,50,0.108761329305136,0.891238670694864,0.476038338658147,0.992236269212611,0.257235884666443,1.2459538,4
BRATS_135.nii.gz,93,0.134304207119741,0.865695792880259,1.67775831873905,0.973738368718228,0.221429869532585,1.9817154,5
BRATS_136.nii.gz,68,0.374331550802139,0.625668449197861,0.446153846153846,0.993372619651319,0.535787165164948,1.9316617,3
BRATS_137.nii.gz,89,0.464037122969838,0.535962877030162,0.528248587570621,0.992686426146901,0.615611732006073,1.2363135,3
BRATS_138.nii.gz,64,0.327327327327327,0.672672672672673,4.89007092198582,0.97202199144777,0.114209420979023,1.2204112,4
BRATS_139.nii.gz,80,0.690531177829099,0.309468822170901,0.229102167182663,0.996366240981115,0.889903843402863,1.206254,3
BRATS_140.nii.gz,63,0.350920245398773,0.649079754601227,2.703125,0.960298072022355,0.250557214021683,1.4109759,4
BRATS_141.nii.gz,66,0.520336605890603,0.479663394109397,0.49912739965096,0.988963868972304,0.703376531600952,1.2712556,3
BRATS_142.nii.gz,83,0.636363636363636,0.363636363636364,0.230283911671924,0.99600034931447,0.872836232185364,1.209252,3
BRATS_143.nii.gz,64,0.217821782178218,0.782178217821782,0.427299703264095,0.991958604293406,0.485323488712311,1.3405429,4
BRATS_144.nii.gz,115,0.498084291187739,0.501915708812261,0.475961538461538,0.995989328125272,0.81375390291214,1.2430675,3
BRATS_145.nii.gz,65,0.494475138121547,0.505524861878453,0.380073800738007,0.995007244732294,0.82901269197464,1.2177051,3
BRATS_146.nii.gz,62,0.545706371191136,0.454293628808864,0.672354948805461,0.993694433285008,0.691554486751556,1.3529355,3
BRATS_147.nii.gz,96,0,1,5.99227799227799,0.968352439535859,0.00786846689879894,1.2241771,4
BRATS_148.nii.gz,99,0.327543424317618,0.672456575682382,4.36741214057508,0.971381147899013,0.167653232812881,1.2576175,5
BRATS_149.nii.gz,98,0.163265306122449,0.836734693877551,0.582938388625592,0.988505142897195,0.450664103031158,1.371924,4
BRATS_150.nii.gz,98,0.0717488789237668,0.928251121076233,0.942168674698795,0.985884127095462,0.365869700908661,1.3468732,5
BRATS_151.nii.gz,96,0.0961214165261383,0.903878583473862,0.680656934306569,0.984019549242291,0.355794191360474,1.2225238,4
BRATS_152.nii.gz,98,0.045531197301855,0.954468802698145,0.796133567662566,0.982064279931003,0.342445194721222,1.2592332,4
BRATS_153.nii.gz,98,0.0338983050847458,0.966101694915254,0.502487562189055,0.989461132446034,0.278581589460373,1.28228,5
BRATS_154.nii.gz,51,0.686046511627907,0.313953488372093,0.606508875739645,0.994059890282679,0.724415361881256,1.2217462,3
BRATS_155.nii.gz,48,0,1,0.528947368421053,0.98981827103377,0.089389257133007,1.1051187,5
BRATS_156.nii.gz,76,0.569977426636569,0.430022573363431,0.264746227709191,0.98988457132787,0.787787556648254,1.3049365,3
BRATS_157.nii.gz,89,0.144312393887946,0.855687606112054,0.324275362318841,0.987984237007846,0.234514340758324,1.9225619,3
BRATS_158.nii.gz,58,0.434163701067616,0.565836298932384,8.49532710280374,0.96554188308293,0.104506462812424,1.369708,4
BRATS_159.nii.gz,80,0.604166666666667,0.395833333333333,0.547911547911548,0.992440415777132,0.691294252872467,1.2461359,3
BRATS_160.nii.gz,60,0.356589147286822,0.643410852713178,6.54929577464789,0.972767397637864,0.124724723398685,1.2466963,4
BRATS_161.nii.gz,89,0.10377358490566,0.89622641509434,2.94285714285714,0.966356616356616,0.0904459580779076,1.8051535,5
BRATS_162.nii.gz,61,0.526960784313726,0.473039215686274,0.353312302839117,0.994669509594883,0.782237112522125,1.2931968,3
BRATS_163.nii.gz,58,0,1,3.46037735849057,0.979348661681459,0.0072389617562294,1.2162551,5
BRATS_164.nii.gz,82,0.679083094555874,0.320916905444126,0.324723247232472,0.996509537688267,0.878189623355865,1.2087037,3
BRATS_165.nii.gz,67,0.288224956063269,0.711775043936731,1.41666666666667,0.980653769179453,0.243493676185608,1.2788206,4
BRATS_166.nii.gz,75,0.610354223433243,0.389645776566757,0.178438661710037,0.996667248298726,0.903891026973724,1.3452933,3
BRATS_167.nii.gz,57,0,1,7.21192052980132,0.978392695337004,0.00315961986780167,1.3820699,5
BRATS_168.nii.gz,60,0.451923076923077,0.548076923076923,0.193236714975845,0.993613186582442,0.652493178844452,1.3368777,3
BRATS_169.nii.gz,88,0.110132158590308,0.889867841409692,2.98842592592593,0.970264722909321,0.0650255233049393,1.3881229,5
BRATS_170.nii.gz,95,0.290948275862069,0.709051724137931,0.761517615176152,0.98933156108993,0.551016390323639,1.420552,4
BRATS_171.nii.gz,58,0,1,2.15942028985507,0.992404181184669,0.00171553227119148,1.3681856,3
BRATS_172.nii.gz,72,0.478723404255319,0.521276595744681,0.390334572490706,0.994749236807676,0.793617010116577,1.2813681,3
BRATS_173.nii.gz,90,0.486988847583643,0.513011152416357,0.457002457002457,0.991914878723181,0.752879440784454,1.3999875,4
BRATS_174.nii.gz,58,0.0217391304347826,0.978260869565217,0.863492063492064,0.989725188167338,0.308055818080902,1.302323,5
BRATS_175.nii.gz,83,NaN,NaN,Inf,0.993611111111111,0,1.3472997,3
BRATS_176.nii.gz,85,NaN,NaN,Inf,0.980538194444444,0,1.3343751,3
BRATS_177.nii.gz,88,NaN,NaN,Inf,0.985607638888889,0,1.3707117,3
BRATS_178.nii.gz,89,0,1,8.2967032967033,0.985275945489671,0.0316296145319939,1.2976332,3
BRATS_179.nii.gz,89,0,1,5.72321428571429,0.98689112496083,0.00163412990514189,1.3087744,3
BRATS_180.nii.gz,61,0,1,1.56126482213439,0.977227200843437,0.00482838554307818,1.4024763,5
BRATS_181.nii.gz,99,0,1,0.883333333333333,0.986118423361763,0.209810107946396,1.3839788,5
BRATS_182.nii.gz,87,0.492063492063492,0.507936507936508,1.45302013422819,0.989082206617056,0.500759601593018,1.3837249,5
BRATS_183.nii.gz,82,NaN,NaN,Inf,0.984114583333333,0,1.3992612,4
BRATS_184.nii.gz,94,0,1,4.72596153846154,0.979215385152351,0.00538670551031828,1.3767515,5
BRATS_185.nii.gz,106,0.549586776859504,0.450413223140496,0.234042553191489,0.997334030318871,0.82901006937027,1.3122504,3
BRATS_186.nii.gz,82,0,1,7.1375,0.977315097133897,0.00218212371692061,1.3444299,4
BRATS_187.nii.gz,99,0,1,3.25263157894737,0.985903452607338,0.00583094265311956,1.1956326,3
BRATS_188.nii.gz,95,0,1,1.63059701492537,0.987676548734443,0.00707325525581837,1.2815532,4
BRATS_189.nii.gz,107,0.506756756756757,0.493243243243243,0.260330578512397,0.996353675983112,0.725970447063446,1.2927945,3
BRATS_190.nii.gz,64,0.45360824742268,0.54639175257732,0.367697594501718,0.99442930986309,0.779597043991089,1.2665662,5
BRATS_191.nii.gz,66,0.124792013311148,0.875207986688852,0.750922509225092,0.983601082715225,0.371470749378204,1.2758326,4
BRATS_192.nii.gz,88,0.24105461393597,0.75894538606403,3.43939393939394,0.965053857759377,0.147584855556488,1.3193741,5
BRATS_193.nii.gz,97,0,1,3.6865671641791,0.978042725778819,0.0128184892237186,1.3031792,4
BRATS_194.nii.gz,95,0.395238095238095,0.604761904761905,0.436781609195402,0.992902966420193,0.636758983135223,1.3601972,4
BRATS_195.nii.gz,91,0.359550561797753,0.640449438202247,0.551020408163265,0.991715459232719,0.627302467823029,1.3563687,3
BRATS_196.nii.gz,59,0.387795275590551,0.612204724409449,3.7866323907455,0.968800279818118,0.206889465451241,1.4169039,5
BRATS_197.nii.gz,99,0.203111495246327,0.796888504753673,0.768015794669299,0.969804081777651,0.369403868913651,1.2334734,4
BRATS_198.nii.gz,79,0.305084745762712,0.694915254237288,5.29325513196481,0.963414420874067,0.191666528582573,1.2159571,3
BRATS_199.nii.gz,54,0,1,3.28861788617886,0.981571086694499,0.00301300687715411,1.3201666,5
BRATS_200.nii.gz,79,0.32780847145488,0.67219152854512,0.532710280373832,0.989616529504465,0.602809429168701,1.2758951,4
BRATS_201.nii.gz,62,0.327731092436975,0.672268907563025,3.29100529100529,0.9726496922216,0.18625183403492,1.2896411,4
BRATS_202.nii.gz,85,0.570048309178744,0.429951690821256,0.38961038961039,0.992174369747899,0.771925151348114,1.257708,3
BRATS_203.nii.gz,71,0.462546816479401,0.537453183520599,0.641148325358852,0.99029075259788,0.635179102420807,2.2536095,3
BRATS_204.nii.gz,73,0.620183486238532,0.379816513761468,0.435768261964736,0.993356294910572,0.782917022705078,1.5083653,3
BRATS_205.nii.gz,92,0.558962264150943,0.441037735849057,0.536741214057508,0.993801075644339,0.725955367088318,1.2981986,3
BRATS_206.nii.gz,81,0.567833698030635,0.432166301969365,0.445714285714286,0.987562232816706,0.738470613956451,1.2859903,3
BRATS_207.nii.gz,77,0.199637023593466,0.800362976406534,3.21487603305785,0.964969828795958,0.236840546131134,1.4021959,5
BRATS_208.nii.gz,64,0.420454545454545,0.579545454545455,0.267441860465116,0.99393738206723,0.644444704055786,1.3133802,3
BRATS_209.nii.gz,71,0.548648648648649,0.451351351351351,0.470198675496689,0.994600922560805,0.721347510814667,1.4343471,4
BRATS_210.nii.gz,64,0.586538461538462,0.413461538461538,0.349693251533742,0.995001747640685,0.765698909759521,1.3977272,3
BRATS_211.nii.gz,19,NaN,NaN,Inf,0.995138888888889,0,1.2426024,4
BRATS_212.nii.gz,17,NaN,NaN,Inf,0.996388888888889,0,1.224863,5
BRATS_213.nii.gz,90,0.710106382978723,0.289893617021277,0.139931740614334,0.997379317574296,0.927805721759796,1.4728559,4
BRATS_214.nii.gz,54,0,1,1.72704081632653,0.981261065437271,0.00570438429713249,1.3874759,4
BRATS_215.nii.gz,54,0.185763888888889,0.814236111111111,0.293560606060606,0.989041095890411,0.27399817109108,1.4844073,3
BRATS_216.nii.gz,23,NaN,NaN,Inf,0.996475694444444,0,1.9177769,3
BRATS_217.nii.gz,102,0.259023354564756,0.740976645435244,0.816753926701571,0.988430301757334,0.575162529945374,1.4123651,4
BRATS_218.nii.gz,91,0.558441558441558,0.441558441558442,1.78339350180505,0.988409844650026,0.459634840488434,1.4397658,3
BRATS_219.nii.gz,78,0.640591966173362,0.359408033826638,0.416184971098266,0.994515571236442,0.782228827476501,1.3197593,3
BRATS_220.nii.gz,54,0.127536231884058,0.872463768115942,0.582278481012658,0.991515639213491,0.306458085775375,1.4204046,4
BRATS_221.nii.gz,54,0.591194968553459,0.408805031446541,0.930769230769231,0.993506040081,0.541563451290131,1.4271875,3
BRATS_222.nii.gz,97,0.636690647482014,0.363309352517986,0.217073170731707,0.994905818920244,0.867797911167145,1.2713762,3
BRATS_223.nii.gz,98,0.241182078169685,0.758817921830315,0.401515151515151,0.979329401137149,0.372600644826889,1.4148538,3
BRATS_224.nii.gz,57,0.44620253164557,0.55379746835443,0.812749003984064,0.993386381879733,0.601003229618073,1.3839691,3
BRATS_225.nii.gz,93,0.619909502262443,0.380090497737557,0.441791044776119,0.994479192145078,0.797240734100342,1.4699917,3
BRATS_226.nii.gz,91,0.37043795620438,0.62956204379562,4.88861985472155,0.958642407277817,0.184281244874001,1.3402166,4
BRATS_227.nii.gz,97,0.542314335060449,0.457685664939551,0.428251121076233,0.992021276595745,0.753542721271515,1.354496,5
BRATS_228.nii.gz,94,0.258620689655172,0.741379310344828,2.01483679525223,0.982860241005999,0.193337842822075,1.3691675,4
BRATS_229.nii.gz,63,0.276699029126214,0.723300970873786,0.575070821529745,0.991234669419319,0.590444266796112,1.341792,3
BRATS_230.nii.gz,81,NaN,NaN,Inf,0.955520833333333,0,1.3255806,5
BRATS_231.nii.gz,90,0.561497326203209,0.438502673796791,0.290322580645161,0.995723064031841,0.845655798912048,1.2595057,3
BRATS_232.nii.gz,48,0.0870967741935484,0.912903225806452,3.09278350515464,0.979330829038176,0.132901817560196,1.344891,4
BRATS_233.nii.gz,85,0.318777292576419,0.681222707423581,3.32978723404255,0.986366093066234,0.135677874088287,1.3546485,3
BRATS_234.nii.gz,90,0.246192893401015,0.753807106598985,2.54574132492114,0.980705709641902,0.242555126547813,1.3355884,5
BRATS_235.nii.gz,98,0.362776025236593,0.637223974763407,1.09583333333333,0.991887506760411,0.438388526439667,1.3150882,5
BRATS_236.nii.gz,102,0.15633423180593,0.84366576819407,0.847507331378299,0.989464104448878,0.428334355354309,1.3021278,5
BRATS_237.nii.gz,75,0.215686274509804,0.784313725490196,1.58199356913183,0.986507270693512,0.275594264268875,1.3040445,5
BRATS_238.nii.gz,10,NaN,NaN,Inf,0.99515625,0,1.2768518,5
BRATS_239.nii.gz,65,0.311278195488722,0.688721804511278,0.914018691588785,0.98338771357401,0.512317180633545,1.3841078,4
BRATS_240.nii.gz,96,0.512562814070352,0.487437185929648,0.175869120654397,0.993388284812347,0.708891212940216,1.3990878,3
BRATS_241.nii.gz,67,0.217836257309942,0.782163742690059,1.44093178036606,0.975324080597436,0.265226304531097,1.3874807,5
BRATS_242.nii.gz,65,0.29654403567447,0.70345596432553,1.068,0.974747830993863,0.452615082263947,2.079769,5
BRATS_243.nii.gz,63,0.181102362204724,0.818897637795276,4.78632478632479,0.976811594202899,0.0678327605128288,1.4946388,5
BRATS_244.nii.gz,76,0.569230769230769,0.430769230769231,0.816254416961131,0.993036284622231,0.591642677783966,1.5523031,3
BRATS_245.nii.gz,58,0.361522198731501,0.638477801268499,0.25201072386059,0.993079100982208,0.608922243118286,1.348616,3
BRATS_246.nii.gz,58,0.298755186721992,0.701244813278008,0.315649867374005,0.99201048951049,0.568189561367035,1.350896,3
BRATS_247.nii.gz,60,0.295348837209302,0.704651162790698,0.342592592592593,0.992767295597484,0.605750262737274,1.4065909,3
BRATS_248.nii.gz,119,0.1625,0.8375,0.737024221453287,0.991596345021577,0.467967480421066,1.3336453,3
BRATS_249.nii.gz,112,0.123844731977819,0.876155268022181,0.370600414078675,0.98853722330472,0.246973156929016,1.3698754,5
BRATS_250.nii.gz,111,0.355392156862745,0.644607843137255,0.555194805194805,0.992420802626524,0.706875145435333,1.3890386,5
BRATS_251.nii.gz,113,0.353868194842407,0.646131805157593,0.322751322751323,0.988869382022472,0.565070390701294,1.3684173,3
BRATS_252.nii.gz,67,0.392452830188679,0.607547169811321,2.5297157622739,0.977265181301879,0.307672202587128,1.1825311,5
BRATS_253.nii.gz,95,0.453900709219858,0.546099290780142,2.33962264150943,0.988668061366806,0.399200588464737,1.2880992,4
BRATS_254.nii.gz,69,0.103896103896104,0.896103896103896,0.3810888252149,0.991631945660166,0.313513994216919,1.3264542,4
BRATS_255.nii.gz,104,0.259541984732824,0.740458015267176,0.717105263157895,0.991107150968779,0.633449912071228,1.9529213,4
BRATS_256.nii.gz,90,0.56986301369863,0.43013698630137,0.281632653061224,0.996059834722271,0.835944890975952,1.3708794,4
BRATS_257.nii.gz,84,0.237209302325581,0.762790697674419,2.74934725848564,0.975824945295405,0.149773553013802,1.3909592,3
BRATS_258.nii.gz,64,0.598870056497175,0.401129943502825,0.247011952191235,0.996442088006,0.882143259048462,1.8961483,3
BRATS_259.nii.gz,112,0.40327868852459,0.59672131147541,6.63366336633663,0.973482472646177,0.201782733201981,1.3662933,5
BRATS_260.nii.gz,105,0.194285714285714,0.805714285714286,0.708771929824561,0.991544817706969,0.600116312503815,1.3408734,5
BRATS_261.nii.gz,94,0.444191343963554,0.555808656036446,0.447530864197531,0.993205477537903,0.76653391122818,1.3557735,3
BRATS_262.nii.gz,68,0,1,3.28666666666667,0.988794004879749,0.00324136135168374,1.5113467,3
BRATS_263.nii.gz,76,0.29399585921325,0.706004140786749,1.03968253968254,0.987153233569616,0.546499073505402,1.4183615,4
BRATS_264.nii.gz,73,0.389705882352941,0.610294117647059,3.61538461538462,0.982341958786271,0.180748492479324,2.0493866,3
BRATS_265.nii.gz,84,0.638333333333333,0.361666666666667,0.272289156626506,0.994225721784777,0.855869054794312,1.3720026,3
BRATS_266.nii.gz,91,0.177130044843049,0.822869955156951,1.032,0.986803878329658,0.467026025056839,1.5143538,3
BRATS_267.nii.gz,101,0.0666666666666667,0.933333333333333,0.592857142857143,0.992207565300952,0.277341157197952,1.3553342,4
BRATS_268.nii.gz,80,0.129323308270677,0.870676691729323,0.202945990180033,0.987623457333498,0.172134906053543,2.18944,3
BRATS_269.nii.gz,78,0.501538461538461,0.498461538461538,0.114119922630561,0.993281880371865,0.672685205936432,1.333744,3
BRATS_270.nii.gz,93,0.153344208809135,0.846655791190865,0.226765799256506,0.988737195368369,0.282289385795593,1.2954787,3
BRATS_271.nii.gz,86,0.324473975636766,0.675526024363234,0.345661450924609,0.984979220962175,0.609922826290131,1.2891963,4
BRATS_272.nii.gz,85,0.335958005249344,0.664041994750656,2.08823529411765,0.984411862363036,0.33450847864151,1.2864991,4
BRATS_273.nii.gz,66,0.253694581280788,0.746305418719212,2.62898550724638,0.978837644507407,0.204987540841103,2.2915253,5
BRATS_274.nii.gz,61,0.276264591439689,0.723735408560311,3.81497797356828,0.98163920692544,0.134340018033981,1.2094475,4
BRATS_275.nii.gz,72,0.502645502645503,0.497354497354497,0.4,0.994619335452989,0.762897789478302,1.416128,3
BRATS_276.nii.gz,105,0.292181069958848,0.707818930041152,5.73148148148148,0.975403830722534,0.101392611861229,1.2950591,4
BRATS_277.nii.gz,93,0.0761099365750529,0.923890063424947,0.679458239277652,0.987055583814218,0.326209783554077,1.2883179,4
BRATS_278.nii.gz,87,0,1,3.98952879581152,0.983380419238952,0.00165515334811062,2.0527897,4
BRATS_279.nii.gz,78,0.373250388802488,0.626749611197512,2.175983436853,0.974528764627566,0.350036144256592,1.412394,5
BRATS_280.nii.gz,95,0.381651376146789,0.618348623853211,1.80335731414868,0.980933872577341,0.485203295946121,1.409277,3
BRATS_281.nii.gz,100,0.442307692307692,0.557692307692308,0.123499142367067,0.991608735341619,0.614969730377197,1.1859771,4
BRATS_282.nii.gz,70,0.34341252699784,0.65658747300216,0.418848167539267,0.991884990730701,0.60708874464035,1.3211673,4
BRATS_283.nii.gz,86,0.348571428571429,0.651428571428571,0.661835748792271,0.989212664611936,0.643186926841736,1.3040939,3
BRATS_284.nii.gz,98,0.0945454545454545,0.905454545454545,0.837301587301587,0.991967170173754,0.450675636529922,2.4005546,5
BRATS_285.nii.gz,90,0.424528301886792,0.575471698113208,2.30706075533662,0.966790056314802,0.397386133670807,2.0044952,5
BRATS_286.nii.gz,80,0.348773841961853,0.651226158038147,0.620805369127517,0.992592074917884,0.643642485141754,1.5108791,3
BRATS_287.nii.gz,43,NaN,NaN,Inf,0.98890625,0,1.3292946,5
BRATS_288.nii.gz,41,NaN,NaN,Inf,0.988055555555556,0,1.3652085,5
BRATS_289.nii.gz,74,0.520435967302452,0.479564032697548,0.265454545454545,0.99565566334008,0.837895274162292,1.3612247,3
BRATS_290.nii.gz,104,0.142028985507246,0.857971014492754,2.23548387096774,0.982702835056054,0.131203338503838,1.4715262,3
BRATS_291.nii.gz,66,0.157608695652174,0.842391304347826,0.568047337278107,0.991211946151288,0.238759100437164,1.3814428,3
BRATS_292.nii.gz,61,0.227659574468085,0.772340425531915,0.813895781637717,0.98789778797485,0.490253031253815,1.3319736,3
BRATS_293.nii.gz,91,0.0294117647058824,0.970588235294118,1.2801724137931,0.990781318201659,0.069828175008297,1.3194358,3
BRATS_294.nii.gz,96,0,1,3.75728155339806,0.974284964576227,0.0454963147640228,1.3039028,4
BRATS_295.nii.gz,87,0.267816091954023,0.732183908045977,1.66293706293706,0.967848716413706,0.231576219201088,1.4179506,5
BRATS_296.nii.gz,51,0.258872651356994,0.741127348643006,2.30676328502415,0.977062212183292,0.182040318846703,1.3237074,3
BRATS_297.nii.gz,24,NaN,NaN,Inf,0.995642361111111,0,1.1861268,3
BRATS_298.nii.gz,89,0.296296296296296,0.703703703703704,0.519174041297935,0.991612350813427,0.586905062198639,1.3429755,5
BRATS_299.nii.gz,58,NaN,NaN,Inf,0.977465277777778,0,1.3936965,4
BRATS_300.nii.gz,88,0.522627737226277,0.477372262773723,0.191033138401559,0.992551830497187,0.790896892547607,1.3335193,3
BRATS_301.nii.gz,62,0.0627062706270627,0.937293729372937,5.78424657534247,0.965513022198916,0.0509902648627758,1.2671768,4
BRATS_302.nii.gz,13,NaN,NaN,Inf,0.996284722222222,0,1.0959071,4
BRATS_303.nii.gz,72,0.191873589164786,0.808126410835214,0.259640102827764,0.98380723911663,0.338790386915207,2.7375002,3
BRATS_304.nii.gz,83,0.38905325443787,0.61094674556213,1.10546875,0.982845026985351,0.563534379005432,1.3148862,5
BRATS_305.nii.gz,86,0.359322033898305,0.640677966101695,1.49350649350649,0.990686804562419,0.432268381118774,1.3310096,3
BRATS_306.nii.gz,68,0.442446043165468,0.557553956834532,0.354545454545455,0.995936093766352,0.738511741161346,1.611297,5
BRATS_307.nii.gz,84,0.279166666666667,0.720833333333333,3.5180412371134,0.970077473286581,0.219243213534355,2.1314032,4
BRATS_308.nii.gz,55,0.0326340326340326,0.967365967365967,1.97867298578199,0.978080942694817,0.0741309225559235,1.3090689,3
BRATS_309.nii.gz,92,0.38021978021978,0.61978021978022,0.27536231884058,0.993412545867552,0.652484476566315,1.3576613,5
BRATS_310.nii.gz,87,0.291220556745182,0.708779443254818,1.98571428571429,0.979579316389132,0.169496729969978,1.424947,5
BRATS_311.nii.gz,79,0.625,0.375,0.105978260869565,0.996171997902465,0.852918863296509,1.4508098,4
BRATS_312.nii.gz,84,0.0367504835589942,0.963249516441006,2.9901768172888,0.964519075388182,0.0544152297079563,2.2610314,4
BRATS_313.nii.gz,57,0.395604395604396,0.604395604395604,0.118421052631579,0.995529945870438,0.529968202114105,1.3158552,3
BRATS_314.nii.gz,59,0.371559633027523,0.628440366972477,0.384469696969697,0.989228448124627,0.633109033107758,1.4648246,5
BRATS_315.nii.gz,100,0.194620253164557,0.805379746835443,2.18933823529412,0.970158161742763,0.210743114352226,1.2901746,5
BRATS_316.nii.gz,108,0,1,4.58091286307054,0.976508191567401,0.030544001609087,1.2407844,3
BRATS_317.nii.gz,96,0.566037735849057,0.433962264150943,0.618518518518518,0.994278138301584,0.664807379245758,1.2563406,3
BRATS_318.nii.gz,99,0.327906976744186,0.672093023255814,0.424242424242424,0.99250537202355,0.662321448326111,1.258266,5
BRATS_319.nii.gz,103,0.458762886597938,0.541237113402062,6.37370242214533,0.964177853813522,0.179018869996071,1.2557439,4
BRATS_320.nii.gz,59,0.365887207702889,0.634112792297111,0.299003322259136,0.988731255383858,0.531498730182648,1.4106676,3
BRATS_321.nii.gz,72,0.478405315614618,0.521594684385382,0.143737166324435,0.993272717716929,0.662353098392487,2.2977065,5
BRATS_322.nii.gz,48,0.331081081081081,0.668918918918919,2.67647058823529,0.985434691599218,0.216673538088799,1.360448,5
BRATS_323.nii.gz,73,0,1,3.17777777777778,0.973649169528348,0.00413292273879051,1.3283552,4
BRATS_324.nii.gz,66,0.0810185185185185,0.918981481481482,4.17647058823529,0.963191366351898,0.0461779572069645,1.3911281,4
BRATS_325.nii.gz,98,0.323684210526316,0.676315789473684,0.326732673267327,0.993782311024172,0.590123295783997,1.3032162,5
BRATS_326.nii.gz,125,0.157303370786517,0.842696629213483,1.55274261603376,0.989651501666579,0.216493099927902,1.1848315,3
BRATS_327.nii.gz,95,0.336713995943205,0.663286004056795,0.753117206982544,0.988985588456757,0.541790664196014,1.2313301,5
BRATS_328.nii.gz,94,0.585585585585586,0.414414414414414,0.184738955823293,0.996789447052049,0.873905599117279,1.1591855,4
BRATS_329.nii.gz,56,0.257299270072993,0.742700729927007,0.45,0.989408634151465,0.533607304096222,1.2750408,3
BRATS_330.nii.gz,86,0.4921875,0.5078125,0.240641711229947,0.996951750566103,0.779106914997101,1.1986079,3
BRATS_331.nii.gz,68,0.372516556291391,0.627483443708609,0.369565217391304,0.990069478559899,0.626219689846039,1.278139,4
BRATS_332.nii.gz,75,0.163141993957704,0.836858006042296,4.46381578947368,0.971439558134657,0.0645935758948326,1.2647111,4
BRATS_333.nii.gz,94,0.596439169139466,0.403560830860534,0.108433734939759,0.997157505580357,0.847595274448395,1.1175183,3
BRATS_334.nii.gz,57,0.501905972045743,0.498094027954257,0.274671052631579,0.990176955383345,0.785965323448181,1.3051828,4
BRATS_335.nii.gz,56,0.58455114822547,0.41544885177453,0.134615384615385,0.995666078325149,0.834526419639587,2.0263146,4
BRATS_336.nii.gz,94,0.545454545454545,0.454545454545455,0.402439024390244,0.994376037027334,0.665518522262573,1.2501209,3
BRATS_337.nii.gz,56,0.399159663865546,0.600840336134454,0.421750663129974,0.992218102965865,0.700085043907166,1.2081412,4
BRATS_338.nii.gz,58,NaN,NaN,Inf,0.975538194444444,0,1.2891219,5
BRATS_339.nii.gz,94,0.128279883381924,0.871720116618076,5.88643533123028,0.962158949889011,0.0583189576864243,1.2827194,4
BRATS_340.nii.gz,45,0,1,3.70820668693009,0.972891618977617,0.0116221196949482,1.1974133,4
BRATS_341.nii.gz,82,0.326860841423948,0.673139158576052,3.90234375,0.957662492546213,0.149685502052307,1.3445808,4
BRATS_342.nii.gz,51,0.239242685025818,0.760757314974182,0.160541586073501,0.990798675009201,0.326851040124893,1.2382622,5
BRATS_343.nii.gz,84,0.583690987124464,0.416309012875536,0.168639053254438,0.995614877967819,0.890740096569061,1.890762,3
BRATS_344.nii.gz,59,0.600790513833992,0.399209486166008,0.321899736147757,0.99433507011225,0.848524868488312,1.3059196,4
BRATS_345.nii.gz,96,0.638743455497382,0.361256544502618,0.0315315315315315,0.996129326047359,0.814546465873718,1.1586562,3
BRATS_346.nii.gz,98,0.591054313099042,0.408945686900958,0.641025641025641,0.995152571926765,0.664428532123566,1.1409995,4
BRATS_347.nii.gz,93,0.23728813559322,0.76271186440678,0.783715012722646,0.988312483597236,0.545049130916595,1.2774753,5
BRATS_348.nii.gz,66,0.231388329979879,0.768611670020121,4.27830188679245,0.961531050188316,0.124435596168041,1.2330968,5
BRATS_349.nii.gz,75,0.050131926121372,0.949868073878628,4.20266666666667,0.966093383305895,0.0319214016199112,1.4498818,4
BRATS_350.nii.gz,93,0.57396449704142,0.42603550295858,0.0916666666666667,0.997105593527689,0.840196192264557,1.2541491,3
BRATS_351.nii.gz,109,0.226600985221675,0.773399014778325,0.632768361581921,0.990588646899326,0.493038535118103,1.1539103,5
BRATS_352.nii.gz,61,0.332586786114222,0.667413213885778,1.39280774550484,0.971806461825281,0.407704651355743,1.3575159,4
BRATS_353.nii.gz,58,0,1,3.40340909090909,0.972878864761771,0.00451600039377809,1.177677,4
BRATS_354.nii.gz,66,0.352245862884161,0.647754137115839,0.570224719101124,0.991653543307087,0.607717871665955,1.2568554,4
BRATS_355.nii.gz,72,0.633507853403141,0.366492146596859,0.13013698630137,0.998450584077575,0.891303479671478,1.2188777,3
BRATS_356.nii.gz,91,0.417241379310345,0.582758620689655,0.369668246445498,0.991358197466937,0.779330551624298,1.1735792,4
BRATS_357.nii.gz,56,NaN,NaN,Inf,0.979878472222222,0,1.2251562,4
BRATS_358.nii.gz,65,0.0726392251815981,0.927360774818402,0.755844155844156,0.988191597463121,0.298672139644623,1.1832559,5
BRATS_359.nii.gz,61,0.359154929577465,0.640845070422535,3.52884615384615,0.984038474942497,0.240324109792709,1.2595747,4
BRATS_360.nii.gz,87,0.696666666666667,0.303333333333333,0.0837004405286344,0.998081384194094,0.943922996520996,1.3197132,3
BRATS_361.nii.gz,96,0.286652078774617,0.713347921225383,0.738095238095238,0.989416045624716,0.637320160865784,1.3297161,5
BRATS_362.nii.gz,77,0.164516129032258,0.835483870967742,7.55357142857143,0.958512460242564,0.0583030879497528,1.3534258,4
BRATS_363.nii.gz,101,0.20949263502455,0.79050736497545,0.0765027322404372,0.981314731110083,0.266182333230972,1.3051673,3
BRATS_364.nii.gz,56,0.443396226415094,0.556603773584906,8.17532467532468,0.976021314387211,0.114983603358269,1.2609887,5
BRATS_365.nii.gz,88,0.190376569037657,0.809623430962343,0.460431654676259,0.989857230445826,0.433015406131744,1.4140896,5
BRATS_366.nii.gz,67,0.276461295418641,0.723538704581359,0.317773788150808,0.988847714220482,0.44974884390831,1.395036,3
BRATS_367.nii.gz,83,0.507246376811594,0.492753623188406,0.272,0.995849826494847,0.848719418048859,1.4243332,3
BRATS_368.nii.gz,106,0.465665236051502,0.534334763948498,3.04334365325077,0.978489366902958,0.28210324048996,1.4491163,5
BRATS_369.nii.gz,71,0,1,0.46031746031746,0.988710864916033,0.0802861973643303,1.2990133,3
BRATS_370.nii.gz,102,0.336805555555556,0.663194444444444,6.43457943925234,0.972665783418172,0.162660986185074,1.4066155,3
BRATS_371.nii.gz,70,0.344559585492228,0.655440414507772,5.801261829653,0.963447661314277,0.117683626711369,1.3864291,5
BRATS_372.nii.gz,55,0.550295857988166,0.449704142011834,0.116580310880829,0.995228523988465,0.769938588142395,1.4666098,3
BRATS_373.nii.gz,58,NaN,NaN,Inf,0.980069444444444,0,1.346095,4
BRATS_374.nii.gz,70,0.570469798657718,0.429530201342282,0.137614678899083,0.997245467224547,0.846825182437897,2.0575852,3
BRATS_375.nii.gz,93,0.567375886524823,0.432624113475177,0.127962085308057,0.997403321656995,0.820392072200775,1.3009129,5
BRATS_376.nii.gz,55,0,1,160.5,0.971954015004168,0.00667719123885036,1.3009173,3
BRATS_377.nii.gz,67,0.634765625,0.365234375,0.0562659846547315,0.996344044641139,0.84339439868927,1.4633519,5
BRATS_378.nii.gz,56,0.178048780487805,0.821951219512195,1.90489130434783,0.981836316867027,0.135611802339554,1.4380206,3
BRATS_379.nii.gz,86,0.558922558922559,0.441077441077441,0.276699029126214,0.996724453349595,0.849842011928558,1.3701764,3
BRATS_380.nii.gz,49,0,1,5.02371541501976,0.973375727188554,0.00119515880942345,1.5471522,5
BRATS_381.nii.gz,130,NaN,NaN,Inf,0.991996527777778,0,1.213699,4
BRATS_382.nii.gz,59,0.602564102564103,0.397435897435897,1.7487922705314,0.99153605015674,0.509629666805267,2.2892138,3
BRATS_383.nii.gz,74,0.46195652173913,0.53804347826087,0.29438202247191,0.992506215638898,0.73335200548172,1.4972115,3
BRATS_384.nii.gz,62,0.537373737373737,0.462626262626263,0.176943699731903,0.994843468684997,0.805486500263214,1.3353047,3
BRATS_385.nii.gz,91,0.311428571428571,0.688571428571429,6.07220216606498,0.966423969409669,0.154236420989037,1.421964,5
BRATS_386.nii.gz,56,0,1,1.52751423149905,0.976599968378336,0.00636174064129591,1.3705948,4
BRATS_387.nii.gz,68,0.160130718954248,0.839869281045752,2.03776978417266,0.971070751071454,0.126064494252205,1.4070626,4
BRATS_388.nii.gz,73,0.344559585492228,0.655440414507772,0.60738255033557,0.992421199685672,0.574253022670746,1.3614233,3
BRATS_389.nii.gz,60,0,1,20.1388888888889,0.973526751548041,0.00331161823123693,1.4708499,5
BRATS_390.nii.gz,91,0.483870967741935,0.516129032258065,9.42523364485981,0.962334855509464,0.118859402835369,1.4169865,5
BRATS_391.nii.gz,96,0.397727272727273,0.602272727272727,3.81854838709677,0.979790053707191,0.236425876617432,1.3535999,5
BRATS_392.nii.gz,63,0.069364161849711,0.930635838150289,3.50151057401813,0.974092992338103,0.0612168088555336,1.4187926,4
BRATS_393.nii.gz,70,0.654368932038835,0.345631067961165,0.215736040609137,0.995399765615434,0.884779632091522,1.5243011,3
BRATS_394.nii.gz,62,0.532299741602067,0.467700258397933,1.52777777777778,0.989162871053872,0.381180882453918,1.3664674,5
BRATS_395.nii.gz,68,0.250883392226148,0.749116607773852,3.67796610169492,0.98115084559401,0.230540305376053,1.1255148,5
BRATS_396.nii.gz,93,0.242424242424242,0.757575757575758,0.671586715867159,0.992456520220717,0.702088534832001,1.3951168,5
BRATS_397.nii.gz,93,0.117142857142857,0.882857142857143,2.47515527950311,0.980668391246592,0.233649581670761,1.3078396,5
BRATS_398.nii.gz,80,0.00298507462686567,0.997014925373134,0.835329341317365,0.989271400318533,0.13924004137516,1.365685,5
BRATS_399.nii.gz,79,0.598245614035088,0.401754385964912,0.110344827586207,0.995153784247174,0.831624984741211,2.1828546,3
BRATS_400.nii.gz,52,NaN,NaN,Inf,0.998090277777778,0,1.2422217,3
BRATS_401.nii.gz,53,0,1,3.39170506912442,0.983372299961615,0.00650902790948749,1.3233871,3
BRATS_402.nii.gz,74,0.505567928730512,0.494432071269488,0.0517711171662125,0.991507356180072,0.632414102554321,1.4250852,3
BRATS_403.nii.gz,86,0.286971830985915,0.713028169014085,2.90208333333333,0.968489309498773,0.201423197984695,1.3910003,5
BRATS_404.nii.gz,72,0,1,0.52801724137931,0.987553324087566,0.16922701895237,1.4359149,5
BRATS_405.nii.gz,90,0.614035087719298,0.385964912280702,0.134146341463415,0.997123781965241,0.914225459098816,1.4346565,3
BRATS_406.nii.gz,17,NaN,NaN,Inf,0.995104166666667,0,1.1016362,5
BRATS_407.nii.gz,102,0.269689737470167,0.730310262529833,0.757009345794392,0.990410815342695,0.647136569023132,1.1825541,4
BRATS_408.nii.gz,90,0.296992481203008,0.703007518796993,3.16309012875536,0.983874345549738,0.1268470287323,1.3761086,4
BRATS_409.nii.gz,93,0.137299771167048,0.862700228832952,0.672727272727273,0.988863401565428,0.423702329397202,1.2790988,5
BRATS_410.nii.gz,99,0.169642857142857,0.830357142857143,1.11746031746032,0.988962935754141,0.269751936197281,1.3123226,5
BRATS_411.nii.gz,72,0.376675603217158,0.623324396782842,0.776666666666667,0.983653187716187,0.533440887928009,1.399292,5
BRATS_412.nii.gz,77,0,1,0.498795180722892,0.989093842053584,0.0564347729086876,1.446621,5
BRATS_413.nii.gz,95,0.734285714285714,0.265714285714286,2.67300380228137,0.986112080396399,0.296936541795731,1.9555348,3
BRATS_414.nii.gz,68,0,1,0.177469135802469,0.986558855653032,0.0107698244974017,1.8166042,3
BRATS_415.nii.gz,90,0.159722222222222,0.840277777777778,1.14344262295082,0.990907504363002,0.451158076524734,1.2766208,5
BRATS_416.nii.gz,94,0.212121212121212,0.787878787878788,1.08016877637131,0.991453885865774,0.478300124406815,1.4397056,5
BRATS_417.nii.gz,64,0.623348017621145,0.376651982378855,0.128834355828221,0.996279540968717,0.908845841884613,1.4081211,3
BRATS_418.nii.gz,82,0.639386189258312,0.360613810741688,0.127218934911243,0.996783441717362,0.792649507522583,1.3705955,3
BRATS_419.nii.gz,95,0.184873949579832,0.815126050420168,0.784982935153584,0.990895905778741,0.646611571311951,1.2810825,5
BRATS_420.nii.gz,85,0.691176470588235,0.308823529411765,0.10188679245283,0.997696495881614,0.931907653808594,1.4727409,3
BRATS_421.nii.gz,58,0.267217630853994,0.732782369146005,2.71197411003236,0.980695925861164,0.132261946797371,1.5534326,4
BRATS_422.nii.gz,95,0.581560283687943,0.418439716312057,0.15962441314554,0.994678802730614,0.848802447319031,1.402376,4
BRATS_423.nii.gz,49,0,1,1.56213017751479,0.984838139258014,0.00679702032357454,1.4608557,3
BRATS_424.nii.gz,94,0.438825448613377,0.561174551386623,0.544513457556936,0.989359464291975,0.705653965473175,1.3351133,3
BRATS_425.nii.gz,86,0.331645569620253,0.668354430379747,0.306709265175719,0.993710142395387,0.586579918861389,1.3260515,3
BRATS_426.nii.gz,83,0.0877513711151737,0.912248628884826,0.700990099009901,0.985023789876574,0.334146022796631,1.4391702,5
BRATS_427.nii.gz,91,0.42314335060449,0.57685664939551,0.127906976744186,0.9931969220007,0.62695848941803,1.413693,3
BRATS_428.nii.gz,72,0.0355731225296443,0.964426877470356,0.610441767068273,0.993082969432314,0.228429272770882,1.4667767,4
BRATS_429.nii.gz,61,0.0803324099722992,0.919667590027701,0.417867435158501,0.991648136151139,0.255606770515442,1.4347614,3
BRATS_430.nii.gz,68,0.285714285714286,0.714285714285714,0.162751677852349,0.990026560658564,0.382766723632812,1.3999105,3
BRATS_431.nii.gz,89,0.569744597249509,0.430255402750491,0.212719298245614,0.99445711278723,0.700402557849884,1.4382635,3
BRATS_432.nii.gz,83,0.558044806517312,0.441955193482688,0.195652173913043,0.994947464116506,0.841704726219177,1.3142643,3
BRATS_433.nii.gz,65,0.446428571428571,0.553571428571429,0.235632183908046,0.994231475169123,0.708143591880798,1.3300094,3
BRATS_434.nii.gz,96,0,1,4.85,0.96723664175578,0.0148749556392431,1.3463094,4
BRATS_435.nii.gz,51,0.736342042755344,0.263657957244656,0.542857142857143,0.994736658040148,0.753848969936371,1.4223163,3
BRATS_436.nii.gz,58,0.386138613861386,0.613861386138614,7.59583333333333,0.964968263932482,0.100475400686264,2.0017057,4
BRATS_437.nii.gz,80,0.475683890577508,0.524316109422492,0.453465346534653,0.989937768428434,0.736616313457489,1.2861741,3
BRATS_438.nii.gz,60,0.423868312757202,0.576131687242798,6.52830188679245,0.973405462001571,0.125538229942322,2.6623499,4
BRATS_439.nii.gz,61,0.528712871287129,0.471287128712871,0.141843971631206,0.994781268607054,0.710884988307953,1.5611075,3
BRATS_440.nii.gz,82,0.75669099756691,0.24330900243309,0.0425531914893617,0.99800755033557,0.95140665769577,1.3715884,3
BRATS_441.nii.gz,67,0.243333333333333,0.756666666666667,1.31009174311927,0.979462291853493,0.25071793794632,1.4102109,4
BRATS_442.nii.gz,75,0.673076923076923,0.326923076923077,0.0992647058823529,0.997451962512435,0.930570363998413,1.3839906,3
BRATS_443.nii.gz,57,0,1,6.36781609195402,0.977645643341645,0.00307645532302558,1.3225273,5
BRATS_444.nii.gz,60,0.453488372093023,0.546511627906977,0.0804597701149425,0.993494423791822,0.555284738540649,1.2956572,3
BRATS_445.nii.gz,72,0.548628428927681,0.451371571072319,0.231316725978648,0.99570905285191,0.864005625247955,1.277171,3
BRATS_446.nii.gz,90,0.454545454545455,0.545454545454545,0.345338983050847,0.991157105834559,0.778762876987457,1.3532537,4
BRATS_447.nii.gz,58,0.0234113712374582,0.976588628762542,0.928327645051195,0.990136411332634,0.320729345083237,1.3046762,5
BRATS_448.nii.gz,99,0,1,0.797849462365591,0.985324064321326,0.161927729845047,1.3966192,5
BRATS_449.nii.gz,87,0.480211081794195,0.519788918205805,1.44224422442244,0.988929244953552,0.498310625553131,1.2708889,5
BRATS_450.nii.gz,64,0.689759036144578,0.310240963855422,0.224066390041494,0.997260990928123,0.87079119682312,1.2764374,5
BRATS_451.nii.gz,66,0.0973782771535581,0.902621722846442,0.866935483870968,0.983978919631094,0.350720793008804,1.3042094,4
BRATS_452.nii.gz,97,0.16256157635468,0.83743842364532,1.61050724637681,0.975404360056259,0.158086150884628,1.2737747,4
BRATS_453.nii.gz,91,0.303964757709251,0.696035242290749,0.599431818181818,0.990788323719629,0.584404706954956,1.4399978,3
BRATS_454.nii.gz,54,0,1,2.94181818181818,0.98105458168027,0.00293246237561107,2.2723475,5
BRATS_455.nii.gz,79,0.243697478991597,0.756302521008403,0.537037037037037,0.987539213796246,0.528840720653534,1.3857846,4
BRATS_456.nii.gz,102,0.194835680751174,0.805164319248826,0.951219512195122,0.987849289165908,0.492467105388641,2.4684125,4
BRATS_457.nii.gz,54,0.12962962962963,0.87037037037037,0.526470588235294,0.991111888723646,0.353661715984344,1.9062045,4
BRATS_458.nii.gz,97,0.66468253968254,0.33531746031746,0.277634961439589,0.995151578799972,0.8314248919487,1.298029,3
BRATS_459.nii.gz,57,0.48471615720524,0.51528384279476,1.32203389830508,0.993867595818815,0.442163079977036,1.40716,3
BRATS_460.nii.gz,93,0.294915254237288,0.705084745762712,0.539130434782609,0.988373925376009,0.675145149230957,2.2388957,3
BRATS_461.nii.gz,63,0.356502242152466,0.643497757847534,0.450704225352113,0.992185997727471,0.690795600414276,2.7519276,3
BRATS_462.nii.gz,48,0.171945701357466,0.828054298642534,2.15443037974684,0.978693231555727,0.18978163599968,1.3072164,4
BRATS_463.nii.gz,90,0.163727959697733,0.836272040302267,2.39031339031339,0.979508985598544,0.246418610215187,1.3524323,5
BRATS_464.nii.gz,98,0.36,0.64,0.992125984251969,0.991696612357395,0.47494825720787,1.3538141,5
BRATS_465.nii.gz,75,0.202020202020202,0.797979797979798,1.46407185628743,0.985925835271081,0.284397691488266,1.4113193,5
BRATS_466.nii.gz,10,NaN,NaN,Inf,0.99515625,0,1.2400489,5
BRATS_467.nii.gz,76,0.352078239608802,0.647921760391198,0.953703703703704,0.989971521917641,0.518556535243988,2.0639304,3
BRATS_468.nii.gz,67,0.128971962616822,0.871028037383178,1.26359832635983,0.981235312686332,0.248946011066437,1.2677465,5
BRATS_469.nii.gz,104,0.302267002518892,0.697732997481108,0.677966101694915,0.991671031953903,0.67520546913147,2.2251177,4
BRATS_470.nii.gz,90,0.388520971302428,0.611479028697572,0.30421686746988,0.993398648294651,0.700889110565186,1.4318563,4
BRATS_471.nii.gz,94,0.505543237250554,0.494456762749446,0.32463768115942,0.994144482704375,0.805646359920502,1.3540585,3
BRATS_472.nii.gz,76,0.163602941176471,0.836397058823529,0.94291754756871,0.984193537068875,0.504679203033447,1.4366769,4
BRATS_473.nii.gz,73,0.343859649122807,0.656140350877193,3.57322175732218,0.981836898489025,0.161292195320129,1.4249955,3
BRATS_474.nii.gz,84,0.708265802269044,0.291734197730956,0.125265392781316,0.995811940350816,0.925288021564484,1.3428225,3
BRATS_475.nii.gz,91,0.11190053285968,0.88809946714032,0.797216699801193,0.984187989189569,0.441444963216782,1.4650502,3
BRATS_476.nii.gz,101,0.060702875399361,0.939297124600639,0.568027210884354,0.991943798822152,0.292051523923874,1.3332885,4
BRATS_477.nii.gz,86,0.429569266589057,0.570430733410943,0.260530421216849,0.988454644501459,0.709806323051453,1.3701821,4
BRATS_478.nii.gz,66,0.20873786407767,0.79126213592233,2.625,0.97812849944009,0.198021709918976,1.3131771,5
BRATS_479.nii.gz,61,0.221757322175732,0.778242677824268,4.27053140096618,0.981341982283602,0.107817314565182,1.3318457,4
BRATS_480.nii.gz,71,0.213592233009709,0.786407766990291,4.32352941176471,0.959390506917291,0.134441718459129,1.1718006,5
BRATS_481.nii.gz,69,0.454308093994778,0.545691906005222,0.05,0.996066708621775,0.561431348323822,1.2914754,3
BRATS_482.nii.gz,84,0.575757575757576,0.424242424242424,0.331967213114754,0.992499649516333,0.756716668605804,1.1826453,3
BRATS_483.nii.gz,68,0,1,6.86086956521739,0.968431345159939,0.00587244099006057,1.1479728,4
BRATS_484.nii.gz,75,0,1,1.38628158844765,0.988448296953916,0.00468705175444484,1.1947162,3
