PatientID,Pcd_Sens,Pnd,Pfa,Accuracy,FOM,ProcessingTime
BRATS_001.nii.gz,0.185840707964602,0.814159292035398,0.00440966291351483,0.992413194444444,0.616981208324432,1.1648157
BRATS_002.nii.gz,0.0843373493975904,0.91566265060241,0.00865341087160915,0.988732638888889,0.217042028903961,0.9952749
BRATS_003.nii.gz,0.02,0.98,0.00550699300699301,0.987725694444444,0.387491822242737,1.0045504
BRATS_004.nii.gz,0.0572916666666667,0.942708333333333,0.00278706800445931,0.994079861111111,0.549269199371338,0.9854627
BRATS_005.nii.gz,0.0368663594470046,0.963133640552995,0.00667445062126414,0.989722222222222,0.162598341703415,0.9722494
BRATS_006.nii.gz,0.0967741935483871,0.903225806451613,0.00542852155699075,0.989739583333333,0.426830381155014,3.0321461
BRATS_007.nii.gz,0,1,0.00299088822424706,0.995416666666667,0.0115292249247432,2.6698073
BRATS_008.nii.gz,0.062015503875969,0.937984496124031,0.00679915403841784,0.986944444444444,0.440719485282898,2.740759
BRATS_009.nii.gz,0.0123762376237624,0.987623762376238,0.00484299601370725,0.988263888888889,0.270488858222961,2.2796013
BRATS_010.nii.gz,0,1,0.00368676416882597,0.994635416666667,0.047789141535759,2.5381829
BRATS_011.nii.gz,0,1,0.00218985713789148,0.996736111111111,0.0137566896155477,2.3441151
BRATS_012.nii.gz,NaN,NaN,0.00543402777777778,0.994565972222222,0,2.5423172
BRATS_013.nii.gz,NaN,NaN,0.00664930555555556,0.993350694444444,0,2.4859062
BRATS_014.nii.gz,0.0204081632653061,0.979591836734694,0.00556185162583907,0.990295138888889,0.37009859085083,2.7840364
BRATS_015.nii.gz,0.0958549222797927,0.904145077720207,0.00830216380606145,0.985694444444444,0.489511102437973,2.9834782
BRATS_016.nii.gz,0,1,0.00421962999773326,0.991475694444444,0.00200117751955986,2.2591239
BRATS_017.nii.gz,0,1,0.00218176740614037,0.9925,0.00117758114356548,2.5643185
BRATS_018.nii.gz,0,1,0.0022664272389686,0.993559027777778,0.0918413996696472,2.2932535
BRATS_019.nii.gz,0.0145631067961165,0.985436893203884,0.00337483388123383,0.989600694444444,0.184829384088516,2.2568424
BRATS_020.nii.gz,0.0364583333333333,0.963541666666667,0.00601230425055928,0.987604166666667,0.259880751371384,2.2037979
BRATS_021.nii.gz,0.0260869565217391,0.973913043478261,0.00876750456640863,0.989305555555556,0.171330541372299,2.1470965
BRATS_022.nii.gz,0.04,0.96,0.00916630292448712,0.98546875,0.216332271695137,2.1946626
BRATS_023.nii.gz,0.114832535885167,0.885167464114832,0.00646442822045268,0.990347222222222,0.311003178358078,2.4485969
BRATS_024.nii.gz,NaN,NaN,0.00381944444444444,0.996180555555556,0,2.4654734
BRATS_025.nii.gz,0.28030303030303,0.71969696969697,0.00160089093060486,0.996753472222222,0.847498834133148,2.3821482
BRATS_026.nii.gz,0.167597765363128,0.832402234636871,0.00259486947284095,0.994826388888889,0.811982333660126,2.3142705
BRATS_027.nii.gz,0,1,0.0014594228330177,0.997795138888889,0.000787699420470744,2.1360614
BRATS_028.nii.gz,0.0821917808219178,0.917808219178082,0.00215824833780068,0.995520833333333,0.417753785848618,2.2683768
BRATS_029.nii.gz,NaN,NaN,0.00397569444444444,0.996024305555556,0,2.2205901
BRATS_030.nii.gz,0.0725806451612903,0.92741935483871,0.00194863943211079,0.996059027777778,0.608526349067688,2.1003262
BRATS_031.nii.gz,0,1,0.00332573000644251,0.99375,0.0049112350679934,2.4551395
BRATS_032.nii.gz,0.0705882352941176,0.929411764705882,0.0040052470485352,0.989166666666667,0.19636806845665,2.3796139
BRATS_033.nii.gz,0.0169491525423729,0.983050847457627,0.00453245938219092,0.991458333333333,0.260433793067932,2.3054279
BRATS_034.nii.gz,0.0171821305841924,0.982817869415808,0.00403078050567974,0.991024305555556,0.251541495323181,2.2651097
BRATS_035.nii.gz,0.015748031496063,0.984251968503937,0.00355735360792383,0.992118055555556,0.108886688947678,2.7334347
BRATS_036.nii.gz,0.05,0.95,0.00303347280334728,0.993020833333333,0.34698012471199,3.8054027
BRATS_037.nii.gz,0,1,0.00160312260402872,0.994722222222222,0.00528555316850543,3.9176529
BRATS_038.nii.gz,0.0250696378830084,0.974930362116992,0.00759944794814905,0.986371527777778,0.341506004333496,2.4299325
BRATS_039.nii.gz,0,1,0.00210149709958665,0.997517361111111,0.0229460131376982,2.2587878
BRATS_040.nii.gz,0,1,0.00317388347313534,0.992378472222222,0.202591449022293,2.8288222
BRATS_041.nii.gz,0.0166666666666667,0.983333333333333,0.00272822665267576,0.990121527777778,0.129217177629471,2.5909635
BRATS_042.nii.gz,0,1,0.00295523685354194,0.995746527777778,0.0165502913296223,2.5343954
BRATS_043.nii.gz,0.0447761194029851,0.955223880597015,0.00340674047937705,0.995486111111111,0.156186163425446,3.1810697
BRATS_044.nii.gz,0.0563380281690141,0.943661971830986,0.0026073806254237,0.996232638888889,0.178829967975616,2.6203385
BRATS_045.nii.gz,0.0166666666666667,0.983333333333333,0.00196795541623128,0.994965277777778,0.307119846343994,2.6614497
BRATS_046.nii.gz,0,1,0.00449626182882836,0.99171875,0.00307585252448916,2.435044
BRATS_047.nii.gz,0.0097799511002445,0.990220048899755,0.00295501040373485,0.990034722222222,0.132921993732452,2.5006432
BRATS_048.nii.gz,0,1,0.00270600558659218,0.991753472222222,0.00757705559954047,2.4917987
BRATS_049.nii.gz,0.0265486725663717,0.973451327433628,0.00158608428905079,0.994600694444444,0.225314483046532,2.3849251
BRATS_050.nii.gz,0.0143540669856459,0.985645933014354,0.00325835061246537,0.993177083333333,0.394748568534851,2.4935038
BRATS_051.nii.gz,0.0607476635514019,0.939252336448598,0.00313665353919074,0.993385416666667,0.549505293369293,2.1445918
BRATS_052.nii.gz,0.0102040816326531,0.989795918367347,0.00282210298933872,0.993819444444444,0.504892945289612,2.1356403
BRATS_053.nii.gz,0.0357142857142857,0.964285714285714,0.00219711236660389,0.99359375,0.237240418791771,2.0772109
BRATS_054.nii.gz,0.0390879478827362,0.960912052117264,0.00289738711535441,0.991996527777778,0.223166033625603,2.1508163
BRATS_055.nii.gz,0.0336787564766839,0.966321243523316,0.00664173104484916,0.986927083333333,0.24878403544426,2.4048136
BRATS_056.nii.gz,0.0303867403314917,0.969613259668508,0.00557322058772144,0.988368055555556,0.217453509569168,2.2276551
BRATS_057.nii.gz,0.0562347188264059,0.943765281173594,0.0041265234040321,0.989201388888889,0.219912126660347,2.6203874
BRATS_058.nii.gz,0,1,0.00288088836121102,0.991475694444444,0.00138610624708235,2.377143
BRATS_059.nii.gz,0.0383141762452107,0.961685823754789,0.00439491445612934,0.991267361111111,0.331549853086472,2.4627965
BRATS_060.nii.gz,0.0604651162790698,0.93953488372093,0.00341552670558508,0.993090277777778,0.40691938996315,2.3845352
BRATS_061.nii.gz,0.0229885057471264,0.977011494252874,0.00254240239612719,0.994513888888889,0.543731987476349,2.3533343
BRATS_062.nii.gz,0,1,0.00313659888127973,0.993177083333333,0.05447718501091,2.4566225
BRATS_063.nii.gz,0,1,0.00483049665178571,0.990746527777778,0.242115661501884,2.3399296
BRATS_064.nii.gz,0.0629370629370629,0.937062937062937,0.00385595142548069,0.991510416666667,0.328384459018707,2.4202122
BRATS_065.nii.gz,0.114537444933921,0.885462555066079,0.00557753647185959,0.990954861111111,0.500785887241364,2.5340863
BRATS_066.nii.gz,0.0282352941176471,0.971764705882353,0.00341058154787932,0.989444444444444,0.137509718537331,2.691951
BRATS_067.nii.gz,0,1,0.00276589082559232,0.995260416666667,0.00661343010142446,2.2140827
BRATS_068.nii.gz,0,1,0.00344647519582245,0.993958333333333,0.0192607659846544,2.5498671
BRATS_069.nii.gz,0,1,0.00379890215213035,0.992482638888889,0.0773070678114891,2.2592899
BRATS_070.nii.gz,0.0807453416149068,0.919254658385093,0.00637197722801581,0.991076388888889,0.133437022566795,2.5090394
BRATS_071.nii.gz,0.0393700787401575,0.960629921259842,0.00666131901091619,0.989131944444444,0.130546450614929,2.4367391
BRATS_072.nii.gz,0.038961038961039,0.961038961038961,0.00356070655588913,0.991319444444444,0.0943484753370285,2.4706873
BRATS_073.nii.gz,0.0505050505050505,0.94949494949495,0.0034378653822662,0.991684027777778,0.132482618093491,2.2290406
BRATS_074.nii.gz,0.0232018561484919,0.976798143851508,0.00355087547447043,0.989166666666667,0.115493714809418,2.3419254
BRATS_075.nii.gz,0,1,0.00206055949428981,0.992152777777778,0.0383347123861313,2.4114861
BRATS_076.nii.gz,0.0327380952380952,0.967261904761905,0.00319572506286672,0.991180555555556,0.179689958691597,2.1587264
BRATS_077.nii.gz,0,1,0.00141009348397542,0.995868055555556,0.0715835690498352,2.2354606
BRATS_078.nii.gz,0,1,0.00200379850499207,0.994375,0.00606126198545098,2.3468567
BRATS_079.nii.gz,0,1,0.00351048780061826,0.990555555555556,0.186980217695236,2.4566949
BRATS_080.nii.gz,0,1,0.00238929873210206,0.993090277777778,0.14955846965313,2.2953261
BRATS_081.nii.gz,0,1,0.00301383227065259,0.993559027777778,0.0237106438726187,2.4214278
BRATS_082.nii.gz,0.237354085603113,0.762645914396887,0.00340058943550215,0.993211805555556,0.820344209671021,2.3063954
BRATS_083.nii.gz,0.0573248407643312,0.942675159235669,0.0032379924446843,0.994201388888889,0.377995312213898,2.3924115
BRATS_084.nii.gz,0,1,0.00367250321996728,0.993802083333333,0.0324207171797752,2.1567802
BRATS_085.nii.gz,0,1,0.00283567029678856,0.995121527777778,0.0103981429710984,2.1813021
BRATS_086.nii.gz,0,1,0.00392724987781889,0.990746527777778,0.00989517569541931,2.5768148
BRATS_087.nii.gz,0,1,0.00282175889637874,0.99390625,0.0188512578606606,2.4087086
BRATS_088.nii.gz,0,1,0.00168037808506914,0.990173611111111,0.00467575341463089,2.7398111
BRATS_089.nii.gz,0.0851735015772871,0.914826498422713,0.00647661609901716,0.988524305555556,0.51836109161377,2.285378
BRATS_090.nii.gz,0.043956043956044,0.956043956043956,0.00368063914037016,0.991805555555556,0.0962257459759712,2.4904395
BRATS_091.nii.gz,0.0223048327137546,0.977695167286245,0.00561650764856709,0.98984375,0.124180771410465,2.53761
BRATS_092.nii.gz,0.101990049751244,0.898009950248756,0.00482534354348054,0.988940972222222,0.499293744564056,2.3633313
BRATS_093.nii.gz,0.0132275132275132,0.986772486772487,0.00616895599594562,0.987395833333333,0.234907567501068,2.2661073
BRATS_094.nii.gz,0.096085409252669,0.903914590747331,0.00511174305204208,0.990503472222222,0.499857664108276,2.4276587
BRATS_095.nii.gz,0.0432098765432099,0.95679012345679,0.00449179985375535,0.992829861111111,0.156333893537521,2.6103303
BRATS_096.nii.gz,0,1,0.00224664309723262,0.994618055555556,0.359052121639252,2.3647143
BRATS_097.nii.gz,0.250980392156863,0.749019607843137,0.00343534745836603,0.993263888888889,0.602934598922729,2.4180351
BRATS_098.nii.gz,0.109947643979058,0.890052356020942,0.00383215175320943,0.993229166666667,0.464040666818619,2.4286977
BRATS_099.nii.gz,0,1,0.001634896340615,0.9965625,0.00339293759316206,2.3915539
BRATS_100.nii.gz,NaN,NaN,0.00236111111111111,0.997638888888889,0,2.3832036
BRATS_101.nii.gz,NaN,NaN,0.00213541666666667,0.997864583333333,0,2.3557764
BRATS_102.nii.gz,0,1,0.00233526777156202,0.993871527777778,0.0409452766180038,2.3723952
BRATS_103.nii.gz,0,1,0.00244004461795873,0.993680555555556,0.12195261567831,2.3204532
BRATS_104.nii.gz,0,1,0.00502372798859666,0.993715277777778,0.0075621111318469,2.3358137
BRATS_105.nii.gz,0.111524163568773,0.888475836431227,0.00462228113934869,0.99125,0.221293017268181,2.3756971
BRATS_106.nii.gz,0.0290135396518375,0.970986460348162,0.0036788535991451,0.987638888888889,0.0629232972860336,2.4219189
BRATS_107.nii.gz,0.100890207715134,0.899109792284866,0.00487225608158846,0.989895833333333,0.212786078453064,2.3622017
BRATS_108.nii.gz,0.0625,0.9375,0.00533664613661814,0.987413194444444,0.235487848520279,2.4875904
BRATS_109.nii.gz,0.00881057268722467,0.991189427312775,0.00230073379464208,0.993802083333333,0.256959736347198,2.602463
BRATS_110.nii.gz,0.0640394088669951,0.935960591133005,0.00458212101677788,0.992135416666667,0.427874594926834,2.5475345
BRATS_111.nii.gz,0,1,0.0054828378472464,0.991961805555556,0.00126475677825511,2.4872613
BRATS_112.nii.gz,0.0964285714285714,0.903571428571429,0.00416957431960921,0.991458333333333,0.575961649417877,2.2380145
BRATS_113.nii.gz,0.0150375939849624,0.984962406015038,0.00861617888164091,0.986875,0.206001996994019,2.5006179
BRATS_114.nii.gz,NaN,NaN,0.00486111111111111,0.995138888888889,0,2.3789487
BRATS_115.nii.gz,0.0502793296089385,0.949720670391061,0.00299541979415197,0.9940625,0.394932985305786,2.4125933
BRATS_116.nii.gz,0,1,0.00356008516282154,0.991284722222222,0.114923387765884,2.2678713
BRATS_117.nii.gz,0.0247349823321555,0.975265017667845,0.00431321667777115,0.986145833333333,0.182246044278145,2.4261682
BRATS_118.nii.gz,0.0457746478873239,0.954225352112676,0.00333240281945705,0.991979166666667,0.122597277164459,2.4189245
BRATS_119.nii.gz,0.0321637426900585,0.967836257309941,0.00288169338782354,0.991388888888889,0.185398563742638,2.4796306
BRATS_120.nii.gz,0.0467836257309941,0.953216374269006,0.0073830294798795,0.989809027777778,0.120438881218433,2.5460804
BRATS_121.nii.gz,0.037037037037037,0.962962962962963,0.00786935478254814,0.989444444444444,0.111442930996418,2.9327618
BRATS_122.nii.gz,0.032,0.968,0.00669856459330144,0.991215277777778,0.0884683802723885,4.4506195
BRATS_123.nii.gz,0,1,0.0035930872506748,0.986961805555556,0.0115369278937578,2.4792111
BRATS_124.nii.gz,0.01,0.99,0.00472949389179756,0.990138888888889,0.0650433078408241,2.4884492
BRATS_125.nii.gz,0.104430379746835,0.895569620253165,0.00679072690454577,0.988333333333333,0.248678281903267,2.4672193
BRATS_126.nii.gz,0,1,0.00146742833184844,0.99234375,0.00149619346484542,2.3478968
BRATS_127.nii.gz,0.0265957446808511,0.973404255319149,0.00372744373998467,0.993107638888889,0.480658888816833,2.0911871
BRATS_128.nii.gz,0,1,0.0047150114830538,0.993142361111111,0.0457659140229225,2.5044396
BRATS_129.nii.gz,0.0673575129533679,0.932642487046632,0.00526095011710421,0.988524305555556,0.430279165506363,2.3134788
BRATS_130.nii.gz,0,1,0.00291042174973858,0.99328125,0.00529396161437035,2.4963037
BRATS_131.nii.gz,0,1,0.00211077191452246,0.993125,0.00691810715943575,2.5248155
BRATS_132.nii.gz,0.0326086956521739,0.967391304347826,0.00238609446844085,0.99453125,0.300809293985367,2.1924308
BRATS_133.nii.gz,0.166666666666667,0.833333333333333,0.00311023074784543,0.996197916666667,0.141672939062119,2.4626304
BRATS_134.nii.gz,0,1,0.00231300325211735,0.995972222222222,0.00239405920729041,2.497084
BRATS_135.nii.gz,0,1,0.00155523712997588,0.991961805555556,0.00254619237966835,2.7375631
BRATS_136.nii.gz,0,1,0.00186772329766622,0.992743055555556,0.011291298083961,2.2737195
BRATS_137.nii.gz,0,1,0.00150213092992385,0.992465277777778,0.0362330973148346,2.6198487
BRATS_138.nii.gz,0.029126213592233,0.970873786407767,0.00180879002382733,0.996458333333333,0.239708200097084,2.4239977
BRATS_139.nii.gz,0,1,0.00366338706301026,0.9915625,0.0222325809299946,2.7129551
BRATS_140.nii.gz,0.0909090909090909,0.909090909090909,0.00535236396074933,0.987916666666667,0.199543595314026,2.6081534
BRATS_141.nii.gz,0.0426829268292683,0.957317073170732,0.00426735037932003,0.984878472222222,0.158933907747269,2.3831917
BRATS_142.nii.gz,0.0302013422818792,0.969798657718121,0.00657917699207707,0.9884375,0.150714918971062,2.2911525
BRATS_143.nii.gz,0.03515625,0.96484375,0.00367954799107143,0.992048611111111,0.589093804359436,2.1697956
BRATS_144.nii.gz,0.239130434782609,0.760869565217391,0.000920874309344268,0.998472222222222,0.418885886669159,2.5719526
BRATS_145.nii.gz,0,1,0.00263107455872872,0.99375,0.157105848193169,1.9606277
BRATS_146.nii.gz,0,1,0.0031497433220221,0.994513888888889,0.0297830644994974,2.4328241
BRATS_147.nii.gz,0,1,0.00520679146713104,0.991770833333333,0.0176065620034933,2.3870239
BRATS_148.nii.gz,0.0118343195266272,0.988165680473373,0.00532639446753519,0.98890625,0.0758090987801552,2.3149254
BRATS_149.nii.gz,0.0207100591715976,0.979289940828402,0.00564073905906186,0.988645833333333,0.193713054060936,2.2943674
BRATS_150.nii.gz,0.0326340326340326,0.967365967365967,0.00521243287680817,0.987621527777778,0.208915457129478,2.4877084
BRATS_151.nii.gz,0.0913705583756345,0.908629441624365,0.00547145404328217,0.988350694444444,0.277529150247574,2.4757632
BRATS_152.nii.gz,0.0901287553648069,0.909871244635193,0.00504078132110477,0.987638888888889,0.276092201471329,2.4210644
BRATS_153.nii.gz,0.0656934306569343,0.934306569343066,0.00194908027774394,0.995833333333333,0.283216148614883,2.5282281
BRATS_154.nii.gz,0.0304347826086957,0.969565217391304,0.00273662192783685,0.993402777777778,0.101356513798237,2.6665385
BRATS_155.nii.gz,0.0741839762611276,0.925816023738872,0.00551839756911094,0.989097222222222,0.55262690782547,2.3564155
BRATS_156.nii.gz,0.0198019801980198,0.98019801980198,0.00270203881110292,0.987013888888889,0.0994629412889481,2.6274643
BRATS_157.nii.gz,0.0447761194029851,0.955223880597015,0.00338216739099958,0.987760416666667,0.140148237347603,2.603188
BRATS_158.nii.gz,0.0932203389830508,0.906779661016949,0.00309662155109426,0.995052083333333,0.143617227673531,2.5710683
BRATS_159.nii.gz,0.0122324159021407,0.987767584097859,0.0031777626455747,0.991232638888889,0.200185716152191,2.2907455
BRATS_160.nii.gz,0,1,0.00323343300187748,0.995451388888889,0.00883117038756609,2.3734065
BRATS_161.nii.gz,0.071969696969697,0.928030303030303,0.00169178177759174,0.9940625,0.342869758605957,2.4883681
BRATS_162.nii.gz,0,1,0.00573830536854223,0.989670138888889,0.0430194959044456,2.3472072
BRATS_163.nii.gz,0,1,0.00147813233631858,0.996875,0.0226995311677456,2.4423676
BRATS_164.nii.gz,0.033195020746888,0.966804979253112,0.00332990463571541,0.992638888888889,0.150341600179672,2.3853672
BRATS_165.nii.gz,0.00946969696969697,0.990530303030303,0.00252312867956266,0.988420138888889,0.0490748286247253,2.3366867
BRATS_166.nii.gz,0.0285714285714286,0.971428571428571,0.0047220770169019,0.991753472222222,0.268040865659714,2.3841698
BRATS_167.nii.gz,NaN,NaN,0.00203125,0.99796875,0,2.4295629
BRATS_168.nii.gz,0,1,0.00367205582917109,0.993923611111111,0.00348651455715299,2.2207732
BRATS_169.nii.gz,0.0188087774294671,0.981191222570533,0.00300274087393726,0.991579861111111,0.343726605176926,2.7561037
BRATS_170.nii.gz,0,1,0.00170779311306287,0.994548611111111,0.00807370711117983,2.4668276
BRATS_171.nii.gz,NaN,NaN,0.00267361111111111,0.997326388888889,0,2.5373715
BRATS_172.nii.gz,0.0698689956331878,0.930131004366812,0.00568231336389465,0.990642361111111,0.332754969596863,2.3260894
BRATS_173.nii.gz,0.0463768115942029,0.953623188405797,0.00452362239105755,0.989791666666667,0.191444158554077,2.4138313
BRATS_174.nii.gz,0.0711297071129707,0.928870292887029,0.00195254615505308,0.994201388888889,0.267186969518661,2.4030814
BRATS_175.nii.gz,NaN,NaN,0.00322916666666667,0.996770833333333,0,2.4026051
BRATS_176.nii.gz,NaN,NaN,0.00307291666666667,0.996927083333333,0,2.3917292
BRATS_177.nii.gz,0,1,0.00342221836185182,0.995972222222222,0.00514745432883501,2.340647
BRATS_178.nii.gz,0.106060606060606,0.893939393939394,0.00316334689053429,0.995815972222222,0.117122560739517,2.4108241
BRATS_179.nii.gz,0.0695652173913043,0.930434782608696,0.00351396016352092,0.994635416666667,0.132919311523438,2.3404295
BRATS_180.nii.gz,0.0592105263157895,0.940789473684211,0.00365547973819802,0.993871527777778,0.224491864442825,2.3986689
BRATS_181.nii.gz,0.0183727034120735,0.981627296587926,0.00396721368776106,0.989565972222222,0.370178908109665,2.4890831
BRATS_182.nii.gz,0.11969111969112,0.88030888030888,0.00437732163722293,0.991684027777778,0.661948978900909,2.5643808
BRATS_183.nii.gz,NaN,NaN,0.00467013888888889,0.995329861111111,0,2.4171806
BRATS_184.nii.gz,0.123595505617978,0.876404494382023,0.00445132235572325,0.994201388888889,0.210165992379189,2.4820531
BRATS_185.nii.gz,0,1,0.00486727971213517,0.993871527777778,0.0919674634933472,2.4389054
BRATS_186.nii.gz,0.072463768115942,0.927536231884058,0.00305922024647581,0.995833333333333,0.17460198700428,2.5008814
BRATS_187.nii.gz,0.186206896551724,0.813793103448276,0.00438604124967366,0.993576388888889,0.393009632825851,2.4775911
BRATS_188.nii.gz,0,1,0.00316114912981554,0.996388888888889,0.010216947644949,2.5575557
BRATS_189.nii.gz,0,1,0.00140979897310939,0.996076388888889,0.00703992741182446,2.326172
BRATS_190.nii.gz,0.0470588235294118,0.952941176470588,0.00306914290696661,0.992725694444444,0.387049525976181,2.1356562
BRATS_191.nii.gz,0.0439024390243902,0.95609756097561,0.00592760972197937,0.987309027777778,0.381455510854721,2.2646274
BRATS_192.nii.gz,0.107991360691145,0.892008639308855,0.00679069604634475,0.98609375,0.285429954528809,2.2964534
BRATS_193.nii.gz,0,1,0.00271739130434783,0.993958333333333,0.010031714104116,2.4165232
BRATS_194.nii.gz,0.059190031152648,0.940809968847352,0.00233942631680022,0.992430555555556,0.214890673756599,2.3946875
BRATS_195.nii.gz,0.0174129353233831,0.982587064676617,0.0016434141053883,0.991510416666667,0.131367921829224,2.4673243
BRATS_196.nii.gz,0.00947867298578199,0.990521327014218,0.00524490756068236,0.991145833333333,0.122957825660706,2.5311321
BRATS_197.nii.gz,0.0630630630630631,0.936936936936937,0.00918504548867585,0.985451388888889,0.209025055170059,2.3381302
BRATS_198.nii.gz,0.118279569892473,0.881720430107527,0.0044137401650355,0.991336805555556,0.562568485736847,2.4983932
BRATS_199.nii.gz,NaN,NaN,0.00586805555555556,0.994131944444444,0,2.5741329
BRATS_200.nii.gz,0,1,0.0044210673470101,0.989114583333333,0.184341475367546,2.2896702
BRATS_201.nii.gz,0.00555555555555556,0.994444444444444,0.00419287211740042,0.989618055555556,0.185967192053795,2.3649617
BRATS_202.nii.gz,0,1,0.00235939739242896,0.991024305555556,0.0338607579469681,2.2498101
BRATS_203.nii.gz,0,1,0.00333723551098143,0.9903125,0.0407687462866306,2.3240275
BRATS_204.nii.gz,0,1,0.00361831180408677,0.989618055555556,0.0290018506348133,2.3187183
BRATS_205.nii.gz,0,1,0.00283226686247771,0.990208333333333,0.110776737332344,2.3752623
BRATS_206.nii.gz,0.0226904376012966,0.977309562398703,0.0042468806486145,0.985329861111111,0.125666707754135,2.1302696
BRATS_207.nii.gz,0.0188679245283019,0.981132075471698,0.00606335948557549,0.98765625,0.235067054629326,2.4487645
BRATS_208.nii.gz,0,1,0.00707662274280137,0.988993055555556,0.0120672816410661,3.2490037
BRATS_209.nii.gz,0.024,0.976,0.00734088927637315,0.988454861111111,0.138427764177322,2.4598235
BRATS_210.nii.gz,0.0766283524904215,0.923371647509579,0.00681909346169274,0.989027777777778,0.135469600558281,2.3630228
BRATS_211.nii.gz,0.104938271604938,0.895061728395062,0.00623280754900937,0.991267361111111,0.154143273830414,2.3548601
BRATS_212.nii.gz,0.101167315175097,0.898832684824903,0.00596411070226532,0.990052083333333,0.21360120177269,2.5298072
BRATS_213.nii.gz,0.0111111111111111,0.988888888888889,0.00760509331937903,0.987795138888889,0.148504555225372,2.3508838
BRATS_214.nii.gz,0.130434782608696,0.869565217391304,0.00599136129301937,0.99125,0.16216205060482,2.4131225
BRATS_215.nii.gz,0.131868131868132,0.868131868131868,0.0059040718938312,0.991371527777778,0.207742512226105,2.4106586
BRATS_216.nii.gz,0,1,0.00181156264697173,0.994878472222222,0.103629440069199,2.3042489
BRATS_217.nii.gz,0.0835380835380835,0.916461916461916,0.00519294319234871,0.988368055555556,0.422868520021439,2.2283346
BRATS_218.nii.gz,0.209205020920502,0.790794979079498,0.00312058715852234,0.993611111111111,0.787741303443909,2.5776071
BRATS_219.nii.gz,0.0815602836879433,0.918439716312057,0.00221570885236749,0.993298611111111,0.25278902053833,2.1511779
BRATS_220.nii.gz,0.00943396226415094,0.990566037735849,0.00341534815640901,0.992951388888889,0.0712633430957794,2.4707296
BRATS_221.nii.gz,0,1,0.00199739470256188,0.997569444444444,0.00308896973729134,2.5198453
BRATS_222.nii.gz,0.0384615384615385,0.961538461538462,0.00571767248893073,0.990399305555556,0.172947317361832,2.3813549
BRATS_223.nii.gz,0.0411140583554377,0.958885941644562,0.00279703057383105,0.9846875,0.13258221745491,2.4206594
BRATS_224.nii.gz,NaN,NaN,0.00244791666666667,0.997552083333333,0,2.3281767
BRATS_225.nii.gz,0.0128205128205128,0.987179487179487,0.00503782728445421,0.990972222222222,0.204322531819344,2.4964191
BRATS_226.nii.gz,0,1,0.00286277864087838,0.99171875,0.00201136316172779,2.6204463
BRATS_227.nii.gz,0,1,0.00163862982654929,0.994288194444444,0.00297920312732458,2.2358633
BRATS_228.nii.gz,0,1,0.00240753663642708,0.992743055555556,0.00309018883854151,2.225785
BRATS_229.nii.gz,0,1,0.00302088426346302,0.991232638888889,0.112292416393757,2.2748882
BRATS_230.nii.gz,NaN,NaN,0.00286458333333333,0.997135416666667,0,2.432338
BRATS_231.nii.gz,0.0154440154440154,0.984555984555985,0.00240665492405085,0.993177083333333,0.143647387623787,2.1845976
BRATS_232.nii.gz,NaN,NaN,0.00270833333333333,0.997291666666667,0,2.2209688
BRATS_233.nii.gz,0.0993788819875776,0.900621118012422,0.00233290969550306,0.99515625,0.682084619998932,2.2679649
BRATS_234.nii.gz,0.0557491289198606,0.944250871080139,0.00287892799190411,0.992430555555556,0.317884802818298,2.3422974
BRATS_235.nii.gz,0.0294117647058824,0.970588235294118,0.00353892821031345,0.992465277777778,0.337105751037598,2.2247213
BRATS_236.nii.gz,0,1,0.00278059529222483,0.989982638888889,0.00484041450545192,2.515056
BRATS_237.nii.gz,0.102564102564103,0.897435897435897,0.00510755499773385,0.991267361111111,0.490474283695221,2.2732202
BRATS_238.nii.gz,0,1,0.00274739605974717,0.995677083333333,0.00179267511703074,2.3319749
BRATS_239.nii.gz,0.046195652173913,0.953804347826087,0.00651733296058149,0.987430555555556,0.338112771511078,2.280135
BRATS_240.nii.gz,0.0236220472440945,0.976377952755906,0.00404610102991663,0.987378472222222,0.142975658178329,2.5404173
BRATS_241.nii.gz,0.0148883374689826,0.985111662531017,0.00571708306379705,0.987430555555556,0.169619381427765,2.4173072
BRATS_242.nii.gz,0.0347222222222222,0.965277777777778,0.0078037317620651,0.982621527777778,0.263173997402191,2.2698891
BRATS_243.nii.gz,0.148571428571429,0.851428571428571,0.00372659991292991,0.993697916666667,0.633110463619232,2.4770545
BRATS_244.nii.gz,0.0386266094420601,0.96137339055794,0.00345146164171039,0.992673611111111,0.178971156477928,2.5514529
BRATS_245.nii.gz,0.035,0.965,0.00609756097560976,0.990572916666667,0.169332593679428,2.4767812
BRATS_246.nii.gz,0.10880829015544,0.89119170984456,0.00698521086278677,0.990052083333333,0.252829909324646,2.4260554
BRATS_247.nii.gz,0.0543478260869565,0.945652173913043,0.00618294552041243,0.990815972222222,0.182619109749794,2.4330966
BRATS_248.nii.gz,0,1,0.00323737250670101,0.994236111111111,0.00676131527870893,2.7716945
BRATS_249.nii.gz,0.061576354679803,0.938423645320197,0.00730845892925831,0.986128472222222,0.302669405937195,2.5122161
BRATS_250.nii.gz,0.0276679841897233,0.972332015810277,0.00353802501138473,0.987951388888889,0.260356277227402,2.7358934
BRATS_251.nii.gz,0.0473537604456825,0.952646239554318,0.00518858859908108,0.98890625,0.269770473241806,2.3796765
BRATS_252.nii.gz,0.114285714285714,0.885714285714286,0.00270411723656664,0.993003472222222,0.351754993200302,2.230889
BRATS_253.nii.gz,NaN,NaN,0.00194444444444444,0.998055555555556,0,2.2816239
BRATS_254.nii.gz,0.0348432055749129,0.965156794425087,0.00252996702318846,0.992673611111111,0.362940043210983,3.3008762
BRATS_255.nii.gz,NaN,NaN,0.00319444444444444,0.996805555555556,0,2.3230322
BRATS_256.nii.gz,0.0235849056603774,0.976415094339623,0.00456541437234265,0.991857638888889,0.373992145061493,2.2534398
BRATS_257.nii.gz,0.0421455938697318,0.957854406130268,0.00299970351767558,0.992673611111111,0.393447190523148,2.3469092
BRATS_258.nii.gz,0,1,0.00257351023318089,0.995850694444444,0.00265978672541678,2.0517578
BRATS_259.nii.gz,NaN,NaN,0.00369791666666667,0.996302083333333,0,2.3806363
BRATS_260.nii.gz,0,1,0.00316070994407975,0.996527777777778,0.00301009835675359,3.1252424
BRATS_261.nii.gz,0.0104895104895105,0.989510489510489,0.00615905363436508,0.988958333333333,0.280997782945633,3.1691408
BRATS_262.nii.gz,0,1,0.00273138482950592,0.995190972222222,0.00261928350664675,2.3950261
BRATS_263.nii.gz,0.0373563218390805,0.96264367816092,0.00609585691329561,0.988125,0.426631599664688,2.7439193
BRATS_264.nii.gz,0,1,0.00250548073911682,0.9953125,0.0155417127534747,2.5459106
BRATS_265.nii.gz,0.0599369085173502,0.94006309148265,0.00591798613899412,0.988940972222222,0.419654816389084,2.2501895
BRATS_266.nii.gz,0.0315457413249211,0.968454258675079,0.00679084545153012,0.987916666666667,0.395626753568649,2.8466537
BRATS_267.nii.gz,NaN,NaN,0.00171875,0.99828125,0,2.2517616
BRATS_268.nii.gz,0.0182648401826484,0.981735159817352,0.0019068612014975,0.990642361111111,0.144232973456383,2.4641163
BRATS_269.nii.gz,0.0967741935483871,0.903225806451613,0.00447818633453451,0.98875,0.235847353935242,2.3954034
BRATS_270.nii.gz,0.0862068965517241,0.913793103448276,0.00222051264118614,0.991354166666667,0.278861701488495,2.4599192
BRATS_271.nii.gz,0.0404255319148936,0.959574468085106,0.00591633117451427,0.986302083333333,0.184686601161957,2.3601729
BRATS_272.nii.gz,0.0808510638297872,0.919148936170213,0.00282402161596792,0.9934375,0.231349050998688,2.3220594
BRATS_273.nii.gz,0.0664556962025316,0.933544303797468,0.00385797081209413,0.991041666666667,0.38291722536087,2.1093105
BRATS_274.nii.gz,0,1,0.00257257083260907,0.996215277777778,0.00325181917287409,2.4559732
BRATS_275.nii.gz,0.185840707964602,0.814159292035398,0.00439223341583296,0.992430555555556,0.618820369243622,2.7282185
BRATS_276.nii.gz,0,1,0.0022664272389686,0.993559027777778,0.0918413996696472,2.6568635
BRATS_277.nii.gz,0.0123762376237624,0.987623762376238,0.00484299601370725,0.988263888888889,0.270488858222961,2.2244313
BRATS_278.nii.gz,0,1,0.00368676416882597,0.994635416666667,0.047789141535759,2.448918
BRATS_279.nii.gz,0.062015503875969,0.937984496124031,0.00679915403841784,0.986944444444444,0.440719485282898,2.4633479
BRATS_280.nii.gz,0.0880829015544041,0.911917098445596,0.00833712028524487,0.985607638888889,0.48632225394249,2.7374021
BRATS_281.nii.gz,0.02,0.98,0.00583916083916084,0.987395833333333,0.392203509807587,2.9032414
BRATS_282.nii.gz,0.0368663594470046,0.963133640552995,0.00665702385723995,0.989739583333333,0.162714898586273,2.5132296
BRATS_283.nii.gz,0.0967741935483871,0.903225806451613,0.00551579682318031,0.989652777777778,0.421236783266068,3.0506899
BRATS_284.nii.gz,0.0520833333333333,0.947916666666667,0.00278706800445931,0.9940625,0.539378702640533,2.2489985
BRATS_285.nii.gz,0.0364583333333333,0.963541666666667,0.00601230425055928,0.987604166666667,0.259880751371384,2.3368843
BRATS_286.nii.gz,0.0204081632653061,0.979591836734694,0.00556185162583907,0.990295138888889,0.37009859085083,2.8255552
BRATS_287.nii.gz,NaN,NaN,0.00543402777777778,0.994565972222222,0,2.6134662
BRATS_288.nii.gz,NaN,NaN,0.00664930555555556,0.993350694444444,0,2.6036723
BRATS_289.nii.gz,0,1,0.00421962999773326,0.991475694444444,0.00200117751955986,2.3366323
BRATS_290.nii.gz,0,1,0.00299088822424706,0.995416666666667,0.0115292249247432,2.4286341
BRATS_291.nii.gz,0,1,0.00218176740614037,0.9925,0.00117758114356548,2.1157745
BRATS_292.nii.gz,0.0145631067961165,0.985436893203884,0.00337483388123383,0.989600694444444,0.184829384088516,2.1736421
BRATS_293.nii.gz,0.0843373493975904,0.91566265060241,0.00865341087160915,0.988732638888889,0.217042028903961,2.729156
BRATS_294.nii.gz,0,1,0.00220723695644617,0.99671875,0.0138027612119913,2.3709889
BRATS_295.nii.gz,0.0390334572490706,0.960966542750929,0.0093757667098945,0.981736111111111,0.487712621688843,2.518769
BRATS_296.nii.gz,0,1,0.00224828764138941,0.993888888888889,0.00303293042816222,2.6745627
BRATS_297.nii.gz,0,1,0.00280717660802399,0.992916666666667,0.00127793464343995,2.4120217
BRATS_298.nii.gz,0.236111111111111,0.763888888888889,0.00352456728084869,0.992673611111111,0.638136446475983,2.5184824
BRATS_299.nii.gz,NaN,NaN,0.00296875,0.99703125,0,2.4039385
BRATS_300.nii.gz,0.042042042042042,0.957957957957958,0.00792777690467459,0.986579861111111,0.268387734889984,2.3561518
BRATS_301.nii.gz,0,1,0.00116531872336725,0.997013888888889,0.00301654846407473,2.3088785
BRATS_302.nii.gz,NaN,NaN,0.00291666666666667,0.997083333333333,0,2.4359597
BRATS_303.nii.gz,0.0188679245283019,0.981132075471698,0.0040614113404408,0.987847222222222,0.247877135872841,2.2675716
BRATS_304.nii.gz,0.0269461077844311,0.973053892215569,0.00099535500995355,0.993368055555556,0.148012906312943,2.2108164
BRATS_305.nii.gz,0.0342465753424658,0.965753424657534,0.00261078427959759,0.994947916666667,0.564182043075562,2.505293
BRATS_306.nii.gz,0.0756756756756757,0.924324324324324,0.00698423756857964,0.990069444444444,0.343679428100586,2.4931268
BRATS_307.nii.gz,0.0708955223880597,0.92910447761194,0.00340124188934626,0.992291666666667,0.451649338006973,2.3179814
BRATS_308.nii.gz,0.0618556701030928,0.938144329896907,0.00332717834372714,0.993524305555556,0.16286826133728,2.4823945
BRATS_309.nii.gz,0.0168067226890756,0.983193277310924,0.00455950945967193,0.989375,0.298248708248138,2.4658013
BRATS_310.nii.gz,0.307692307692308,0.692307692307692,0.00493883178304044,0.991493055555556,0.571871995925903,2.4322733
BRATS_311.nii.gz,0.0446735395189003,0.9553264604811,0.0040831283044548,0.991111111111111,0.394854128360748,2.4721869
BRATS_312.nii.gz,0.0795180722891566,0.920481927710843,0.00230829763049751,0.991076388888889,0.284664958715439,2.5053191
BRATS_313.nii.gz,0.0352941176470588,0.964705882352941,0.00139300017412502,0.995763888888889,0.295935422182083,2.1573812
BRATS_314.nii.gz,0.0721649484536082,0.927835051546392,0.00532259476494791,0.986909722222222,0.300032079219818,2.4097093
BRATS_315.nii.gz,NaN,NaN,0.0025,0.9975,0,2.1855401
BRATS_316.nii.gz,0.155339805825243,0.844660194174757,0.00584378315390368,0.99265625,0.218572616577148,2.5067104
BRATS_317.nii.gz,0,1,0.00257181086763863,0.996510416666667,0.00626814085990191,2.4015589
BRATS_318.nii.gz,0.15987460815047,0.84012539184953,0.00216476667655942,0.993194444444444,0.461328625679016,2.4356742
BRATS_319.nii.gz,0,1,0.00361468814625584,0.995399305555556,0.00241544097661972,2.175677
BRATS_320.nii.gz,0.111954459203036,0.888045540796964,0.00756925341229653,0.984375,0.505590498447418,2.5585494
BRATS_321.nii.gz,0.179292929292929,0.820707070707071,0.00405566044332564,0.990329861111111,0.549630999565125,2.3064072
BRATS_322.nii.gz,NaN,NaN,0.00348958333333333,0.996510416666667,0,2.4102394
BRATS_323.nii.gz,0.0594059405940594,0.940594059405941,0.00619578686493185,0.988888888888889,0.446436017751694,2.0936033
BRATS_324.nii.gz,0.0208768267223382,0.979123173277662,0.00259099105407819,0.989288194444444,0.133693382143974,2.4001773
BRATS_325.nii.gz,0.0488599348534202,0.95114006514658,0.00532351247098249,0.989635416666667,0.229135781526566,2.5206221
BRATS_326.nii.gz,NaN,NaN,0.00244791666666667,0.997552083333333,0,2.1048086
BRATS_327.nii.gz,0.258666666666667,0.741333333333333,0.000786369593709043,0.994392361111111,0.366448491811752,2.3108016
BRATS_328.nii.gz,0,1,0.00140845070422535,0.99703125,0.0025574928149581,2.4967465
BRATS_329.nii.gz,0.0186335403726708,0.981366459627329,0.00420754914626907,0.990329861111111,0.142651528120041,2.3839445
BRATS_330.nii.gz,0,1,0.00519972870980645,0.993125,0.00708026718348265,2.3833337
BRATS_331.nii.gz,0,1,0.00567993149128786,0.987743055555556,0.00300237396731973,2.3475181
BRATS_332.nii.gz,0,1,0.00308480602321447,0.993072916666667,0.00349648087285459,2.4247661
BRATS_333.nii.gz,0.2,0.8,0.00177622986504136,0.995798611111111,0.463571459054947,2.3024878
BRATS_334.nii.gz,0.063953488372093,0.936046511627907,0.00597317311722789,0.988472222222222,0.192842528223991,2.6465981
BRATS_335.nii.gz,0,1,0.00291032030950472,0.993315972222222,0.0031216093339026,3.0612163
BRATS_336.nii.gz,0.0268199233716475,0.973180076628352,0.00347058720940372,0.992135416666667,0.151506975293159,2.3405487
BRATS_337.nii.gz,0,1,0.00523915616514656,0.992204861111111,0.00130151200573891,2.5393662
BRATS_338.nii.gz,0,1,0.00374499216164431,0.99296875,0.00369628285989165,2.4267961
BRATS_339.nii.gz,0.00333333333333333,0.996666666666667,0.0043979057591623,0.990434027777778,0.0619661398231983,2.2821418
BRATS_340.nii.gz,0.0266666666666667,0.973333333333333,0.00290308561495002,0.995833333333333,0.214902758598328,2.4970715
BRATS_341.nii.gz,0.0478468899521531,0.952153110047847,0.00666293588891609,0.986475694444444,0.206906273961067,2.5010888
BRATS_342.nii.gz,NaN,NaN,0.00317708333333333,0.996822916666667,0,2.8921587
BRATS_343.nii.gz,0.0339622641509434,0.966037735849057,0.00455219325019621,0.991024305555556,0.209854006767273,2.8412593
BRATS_344.nii.gz,0.0308880308880309,0.969111969111969,0.0031042360614569,0.992552083333333,0.332771122455597,2.5205346
BRATS_345.nii.gz,0.0640243902439024,0.935975609756098,0.00558737253806398,0.989114583333333,0.426746726036072,2.3180105
BRATS_346.nii.gz,0,1,0.00710281675429129,0.990173611111111,0.00157227553427219,2.7977493
BRATS_347.nii.gz,0.148876404494382,0.851123595505618,0.00445461533086437,0.9903125,0.698244631290436,2.6294618
BRATS_348.nii.gz,0.0176211453744493,0.982378854625551,0.00223101458874383,0.99390625,0.305058151483536,2.4883688
BRATS_349.nii.gz,0,1,0.00155265958374767,0.993611111111111,0.00367228826507926,2.7053879
BRATS_350.nii.gz,0,1,0.00295961002785515,0.994270833333333,0.00281512993387878,2.1103263
BRATS_351.nii.gz,0,1,0.00229449495037286,0.996475694444444,0.00736176501959562,2.3510138
BRATS_352.nii.gz,0.008,0.992,0.00441330998248687,0.987013888888889,0.150423482060432,2.4523373
BRATS_353.nii.gz,0,1,0.00241882156405527,0.995260416666667,0.0252712480723858,2.4179017
BRATS_354.nii.gz,0.156462585034014,0.843537414965986,0.00184971905210624,0.993854166666667,0.355272471904755,2.3460675
BRATS_355.nii.gz,0.172131147540984,0.827868852459016,0.00600229653084658,0.992256944444444,0.258951812982559,2.3531774
BRATS_356.nii.gz,0.191558441558442,0.808441558441558,0.00328143545346645,0.992413194444444,0.435088515281677,2.5901453
BRATS_357.nii.gz,0,1,0.00295677885033481,0.995225694444444,0.00307822972536087,2.3084203
BRATS_358.nii.gz,0.0553935860058309,0.944606413994169,0.00239272054071991,0.991996527777778,0.157815828919411,2.3455692
BRATS_359.nii.gz,0.176470588235294,0.823529411764706,0.00240292530036566,0.995173611111111,0.572583377361298,2.9774704
BRATS_360.nii.gz,0,1,0.00325960013247573,0.992743055555556,0.0123700080439448,2.3232011
BRATS_361.nii.gz,0.0123839009287926,0.987616099071207,0.00755975347870873,0.986944444444444,0.270075350999832,3.8883792
BRATS_362.nii.gz,0.0168067226890756,0.983193277310924,0.0036260939297793,0.992326388888889,0.315937876701355,2.4033333
BRATS_363.nii.gz,0.0327653997378768,0.967234600262123,0.00144272217041716,0.985763888888889,0.11369314044714,2.9253988
BRATS_364.nii.gz,0,1,0.00262485441618718,0.996111111111111,0.0313460752367973,2.4792596
BRATS_365.nii.gz,0.0411392405063291,0.958860759493671,0.00315969555198659,0.991597222222222,0.23781730234623,2.4698199
BRATS_366.nii.gz,0.0104895104895105,0.989510489510489,0.00394319014551418,0.991163194444444,0.134495705366135,2.2359129
BRATS_367.nii.gz,0.0934959349593496,0.90650406504065,0.00547477072218154,0.990677083333333,0.326594561338425,2.4875774
BRATS_368.nii.gz,0,1,0.00510808926080893,0.990746527777778,0.006876724306494,2.4175151
BRATS_369.nii.gz,0.0254452926208651,0.974554707379135,0.00548883877847117,0.987899305555556,0.255767852067947,2.3537018
BRATS_370.nii.gz,0,1,0.00394508168230796,0.995017361111111,0.0020257958676666,2.1798705
BRATS_371.nii.gz,0.110687022900763,0.889312977099237,0.00165684188496285,0.994305555555556,0.401165306568146,2.18483
BRATS_372.nii.gz,0,1,0.00438672840580719,0.992951388888889,0.00345169892534614,2.521359
BRATS_373.nii.gz,NaN,NaN,0.00173611111111111,0.998263888888889,0,2.2301603
BRATS_374.nii.gz,0,1,0.00244259892525647,0.992638888888889,0.00205980380997062,2.3200006
BRATS_375.nii.gz,0,1,0.00241541696352547,0.996666666666667,0.00519057596102357,2.4192377
BRATS_376.nii.gz,0,1,0.00285838779956427,0.993246527777778,0.0247463192790747,2.2205493
BRATS_377.nii.gz,0.466135458167331,0.533864541832669,0.00256325306456957,0.995121527777778,0.827407598495483,2.456195
BRATS_378.nii.gz,0,1,0.00201770711937521,0.99609375,0.00843780394643545,2.4482502
BRATS_379.nii.gz,0,1,0.00561680520293535,0.992760416666667,0.0308234617114067,2.4338787
BRATS_380.nii.gz,NaN,NaN,0.00253472222222222,0.997465277777778,0,2.5218265
BRATS_381.nii.gz,0,1,0.00510524114859214,0.991302083333333,0.00338626466691494,2.5505585
BRATS_382.nii.gz,0,1,0.000993394796005507,0.995173611111111,0.000342555780662224,2.4456757
BRATS_383.nii.gz,0.00634920634920635,0.993650793650794,0.00460853626603823,0.989982638888889,0.201177641749382,2.3329339
BRATS_384.nii.gz,0,1,0.00363065107348577,0.991006944444444,0.0286876242607832,2.1818247
BRATS_385.nii.gz,0.179775280898876,0.820224719101124,0.00268189892375744,0.994791666666667,0.575653910636902,2.2070591
BRATS_386.nii.gz,0,1,0.00160522045609199,0.993420138888889,0.00411806115880609,2.5412183
BRATS_387.nii.gz,0.0217864923747277,0.978213507625272,0.00766524912059642,0.984600694444444,0.386212408542633,2.1924692
BRATS_388.nii.gz,0,1,0.00317587729247736,0.991753472222222,0.209967032074928,2.2132478
BRATS_389.nii.gz,0.0266666666666667,0.973333333333333,0.00342459800086919,0.9953125,0.208129033446312,2.5162815
BRATS_390.nii.gz,0,1,0.00267444687575979,0.997013888888889,0.00274385488592088,2.1211031
BRATS_391.nii.gz,0.0167597765363128,0.983240223463687,0.0019679211438324,0.994982638888889,0.383581161499023,2.264483
BRATS_392.nii.gz,0,1,0.00449900603355073,0.991111111111111,0.00383196747861803,2.1895778
BRATS_393.nii.gz,0,1,0.00270898509184333,0.990659722222222,0.00651573529466987,2.2719321
BRATS_394.nii.gz,0.103658536585366,0.896341463414634,0.00141026533881189,0.996041666666667,0.452527016401291,2.5491448
BRATS_395.nii.gz,0.0103626943005181,0.989637305699482,0.0032748619506332,0.993420138888889,0.427174508571625,2.18335
BRATS_396.nii.gz,0.018018018018018,0.981981981981982,0.00329394541461884,0.992934027777778,0.523712337017059,2.1432138
BRATS_397.nii.gz,0,1,0.00261278522905417,0.994097222222222,0.401856511831284,2.4224342
BRATS_398.nii.gz,0,1,0.00493934898333188,0.989791666666667,0.195156320929527,2.6562757
BRATS_399.nii.gz,0.111464968152866,0.888535031847134,0.00356107949586286,0.991614583333333,0.333710700273514,2.3220374
BRATS_400.nii.gz,0.17351598173516,0.82648401826484,0.00536763040030672,0.991510416666667,0.527611494064331,2.5313946
BRATS_401.nii.gz,0,1,0.00278260869565217,0.995486111111111,0.00603715097531676,2.4025015
BRATS_402.nii.gz,0.0119521912350598,0.98804780876494,0.00338015342043504,0.988038194444444,0.148874625563622,2.382093
BRATS_403.nii.gz,0,1,0.00239368207708705,0.991267361111111,0.0890761166810989,2.5942712
BRATS_404.nii.gz,0.0617647058823529,0.938235294117647,0.00410408662242403,0.990381944444444,0.529868900775909,2.4309581
BRATS_405.nii.gz,0.0564971751412429,0.943502824858757,0.0032217055883531,0.993888888888889,0.5116086602211,2.7063325
BRATS_406.nii.gz,0,1,0.0036384527001149,0.993628472222222,0.0277040116488934,2.1859678
BRATS_407.nii.gz,0,1,0.00283542366100162,0.995208333333333,0.00880811456590891,2.199154
BRATS_408.nii.gz,0,1,0.00280404758172667,0.994027777777778,0.0115954056382179,2.4515315
BRATS_409.nii.gz,0.0655737704918033,0.934426229508197,0.00659743433109346,0.988489583333333,0.562828421592712,2.2635403
BRATS_410.nii.gz,0.0193050193050193,0.980694980694981,0.00563296768455381,0.989982638888889,0.123146116733551,2.6125716
BRATS_411.nii.gz,0.0106837606837607,0.989316239316239,0.00626619057620948,0.985746527777778,0.211683422327042,2.223208
BRATS_412.nii.gz,0.00307692307692308,0.996923076923077,0.00563945875163684,0.988767361111111,0.403918981552124,2.461829
BRATS_413.nii.gz,0.0289017341040462,0.971098265895954,0.00452748707054173,0.992569444444444,0.13016040623188,2.5218189
BRATS_414.nii.gz,0,1,0.00227002863728435,0.991979166666667,0.114953182637691,2.696328
BRATS_415.nii.gz,0.12807881773399,0.87192118226601,0.00374584037493249,0.993194444444444,0.556275904178619,1.0677396
BRATS_416.nii.gz,0,1,0.00163611995892295,0.995815972222222,0.00319014629349113,2.5043595
BRATS_417.nii.gz,0,1,0.00241317805057182,0.990416666666667,0.131707370281219,2.3706625
BRATS_418.nii.gz,0,1,0.00228445870535714,0.99328125,0.0293667353689671,2.2124165
BRATS_419.nii.gz,0.0275590551181102,0.97244094488189,0.0022146270010114,0.993506944444444,0.330661088228226,1.0423019
BRATS_420.nii.gz,0.079646017699115,0.920353982300885,0.00453166939728797,0.991875,0.493247866630554,2.5853614
BRATS_421.nii.gz,0,1,0.00550704937174326,0.990711805555556,0.00129353580996394,2.2621613
BRATS_422.nii.gz,0.0107142857142857,0.989285714285714,0.00865317515701326,0.986579861111111,0.216195285320282,2.3879667
BRATS_423.nii.gz,NaN,NaN,0.00489583333333333,0.995104166666667,0,2.4333007
BRATS_424.nii.gz,0.0494791666666667,0.950520833333333,0.00323336129753915,0.990451388888889,0.0993290916085243,2.4106874
BRATS_425.nii.gz,0.0128755364806867,0.987124463519313,0.00376523088186588,0.992256944444444,0.41867607831955,1.9451446
BRATS_426.nii.gz,0.169540229885057,0.830459770114943,0.00468105917697198,0.990329861111111,0.634750485420227,2.3055275
BRATS_427.nii.gz,0,1,0.0021166797865827,0.990347222222222,0.00480536045506597,2.3039716
BRATS_428.nii.gz,0.0204081632653061,0.979591836734694,0.00242143404640792,0.994253472222222,0.262653112411499,2.2749186
BRATS_429.nii.gz,NaN,NaN,0.00324652777777778,0.996753472222222,0,2.4317949
BRATS_430.nii.gz,0,1,0.00187420083725981,0.989305555555556,0.00696379831060767,2.2434112
BRATS_431.nii.gz,0.0178571428571429,0.982142857142857,0.00133239831697055,0.989131944444444,0.084350012242794,1.1262668
BRATS_432.nii.gz,0.0329341317365269,0.967065868263473,0.00654838822337862,0.987881944444444,0.204155683517456,2.2508512
BRATS_433.nii.gz,0,1,0.00263112040425161,0.993732638888889,0.183706939220428,2.0620341
BRATS_434.nii.gz,0,1,0.00520488806879504,0.992135416666667,0.0412106662988663,2.3450424
BRATS_435.nii.gz,0.0177514792899408,0.982248520710059,0.00275924697006741,0.991493055555556,0.0723485425114632,2.8836481
BRATS_436.nii.gz,0.0882352941176471,0.911764705882353,0.00308018933593206,0.994774305555556,0.166817635297775,2.2910216
BRATS_437.nii.gz,0.00975609756097561,0.990243902439024,0.00316488896660255,0.989809027777778,0.170499995350838,2.3158964
BRATS_438.nii.gz,NaN,NaN,0.00322916666666667,0.996770833333333,0,2.3196038
BRATS_439.nii.gz,0,1,0.00574080859899841,0.989236111111111,0.0319448821246624,2.3708345
BRATS_440.nii.gz,0.0472727272727273,0.952727272727273,0.00324465765372874,0.992222222222222,0.14028699696064,1.14562
BRATS_441.nii.gz,0.0056710775047259,0.994328922495274,0.00255821695782446,0.988333333333333,0.0338680446147919,2.2895643
BRATS_442.nii.gz,0.0258620689655172,0.974137931034483,0.00472388788174592,0.991371527777778,0.277799546718597,2.2432095
BRATS_443.nii.gz,NaN,NaN,0.00203125,0.99796875,0,2.0720748
BRATS_444.nii.gz,0,1,0.00368083176331031,0.991545138888889,0.00408644368872046,2.1824955
BRATS_445.nii.gz,0.05,0.95,0.00570481507327285,0.989704861111111,0.387960612773895,2.4353453
BRATS_446.nii.gz,0.0371352785145889,0.962864721485411,0.00456110305296821,0.989166666666667,0.226376116275787,2.3406006
BRATS_447.nii.gz,0.0884615384615385,0.911538461538462,0.00190094175095919,0.993993055555556,0.332830458879471,2.1692343
BRATS_448.nii.gz,0.00740740740740741,0.992592592592593,0.0040388145816942,0.989010416666667,0.326613783836365,2.6382943
BRATS_449.nii.gz,0.18359375,0.81640625,0.00409807477678571,0.992291666666667,0.706983327865601,1.9761623
BRATS_450.nii.gz,0.367088607594937,0.632911392405063,0.00229797012638836,0.995972222222222,0.754851996898651,1.9803572
BRATS_451.nii.gz,0.0513447432762836,0.948655256723716,0.0058750502701474,0.987430555555556,0.348044067621231,2.1241204
BRATS_452.nii.gz,0,1,0.00272341614147798,0.991753472222222,0.00885370187461376,1.0975672
BRATS_453.nii.gz,0,1,0.0017656107964478,0.991371527777778,0.0986262634396553,2.7720251
BRATS_454.nii.gz,NaN,NaN,0.00586805555555556,0.994131944444444,0,2.9049501
BRATS_455.nii.gz,0,1,0.00442439186471504,0.988368055555556,0.149991184473038,2.2965024
BRATS_456.nii.gz,0.0503597122302158,0.949640287769784,0.00542119161289194,0.987743055555556,0.378375619649887,2.3142376
BRATS_457.nii.gz,0,1,0.00344641520600164,0.993975694444444,0.00797186698764563,2.2921871
BRATS_458.nii.gz,0.0128205128205128,0.987179487179487,0.00582226405885019,0.990190972222222,0.0845003575086594,2.2410529
BRATS_459.nii.gz,NaN,NaN,0.00244791666666667,0.997552083333333,0,2.2306008
BRATS_460.nii.gz,0.0099009900990099,0.99009900990099,0.00504389409567691,0.989774305555556,0.207653284072876,2.70945
BRATS_461.nii.gz,0,1,0.00302230918397652,0.990763888888889,0.138306900858879,2.3523204
BRATS_462.nii.gz,NaN,NaN,0.00269097222222222,0.997309027777778,0,2.2212005
BRATS_463.nii.gz,0.0488599348534202,0.95114006514658,0.00289738711535441,0.992048611111111,0.297757595777512,2.166125
BRATS_464.nii.gz,0.0288065843621399,0.97119341563786,0.00353923671042767,0.992378472222222,0.359868884086609,1.0995174
BRATS_465.nii.gz,0.0592885375494071,0.940711462450593,0.00526618654855529,0.990625,0.48379173874855,2.2415391
BRATS_466.nii.gz,0,1,0.00274758716633336,0.995607638888889,0.00178454746492207,2.5225617
BRATS_467.nii.gz,0.0413533834586466,0.958646616541353,0.00303484843199498,0.992552083333333,0.180484265089035,2.2673612
BRATS_468.nii.gz,0.139194139194139,0.860805860805861,0.00259912432187276,0.993333333333333,0.396548271179199,1.1262606
BRATS_469.nii.gz,NaN,NaN,0.00319444444444444,0.996805555555556,0,2.5919241
BRATS_470.nii.gz,0.025089605734767,0.974910394265233,0.00453585945813925,0.990763888888889,0.333847761154175,2.1310736
BRATS_471.nii.gz,0.00626959247648903,0.993730407523511,0.00618005970566156,0.988350694444444,0.271945834159851,2.4322569
BRATS_472.nii.gz,0.0324825986078886,0.967517401392111,0.00606972310168098,0.986736111111111,0.33896878361702,2.2452603
BRATS_473.nii.gz,0,1,0.00252573638279712,0.994166666666667,0.0226875469088554,2.2409577
BRATS_474.nii.gz,0.134969325153374,0.865030674846626,0.00551733770995565,0.989618055555556,0.478103309869766,2.2819016
BRATS_475.nii.gz,0.0260115606936416,0.973988439306358,0.00682921717259929,0.987361111111111,0.416482001543045,2.6335306
BRATS_476.nii.gz,NaN,NaN,0.00171875,0.99828125,0,1.1979174
BRATS_477.nii.gz,0.0357142857142857,0.964285714285714,0.00599566494196616,0.987482638888889,0.164162576198578,2.3925579
BRATS_478.nii.gz,0.115606936416185,0.884393063583815,0.00352813777203339,0.991180555555556,0.407349437475204,2.1199052
BRATS_479.nii.gz,0,1,0.00259098892308762,0.995798611111111,0.00302895274944603,2.6490179
BRATS_480.nii.gz,0.0196629213483146,0.980337078651685,0.00213122772692335,0.991822916666667,0.110607899725437,2.3972854
BRATS_481.nii.gz,0.0256410256410256,0.974358974358974,0.00274863872797175,0.995277777777778,0.0851422771811485,2.486155
BRATS_482.nii.gz,0.0304054054054054,0.969594594594595,0.00300153566941226,0.99203125,0.237209066748619,2.4871969
BRATS_483.nii.gz,0,1,0.00179055698491065,0.996892361111111,0.00506036216393113,2.3864414
BRATS_484.nii.gz,0.0220264317180617,0.977973568281938,0.00400885433914908,0.992152777777778,0.428733259439468,2.3997551
